step,action_dit_loss,perceiver_action_loss,future_image_loss,future_latent_loss,mse_score,learning_rate,epoch
500,0.8422494530677795,0.18575707077980042,0.6382838487625122,0.1820858120918274,0.00745808333158493,1.25e-05,0.01
1000,0.5540480613708496,0.09632433205842972,0.44198569655418396,0.1573798656463623,0.007876341896397727,2.5e-05,0.02
1500,0.3178248107433319,0.05032648518681526,0.2528750002384186,0.14623324573040009,0.007227805576154164,3.7500000000000003e-05,0.03
2000,0.564723551273346,0.03959217295050621,0.509765088558197,0.1536632627248764,0.008023143346820558,5e-05,0.04
2500,0.4094179570674896,0.02948734164237976,0.36409851908683777,0.1583210825920105,0.006747893989086151,4.9999809186483654e-05,0.05
3000,0.43639716506004333,0.049737803637981415,0.3716020882129669,0.15057255327701569,0.00814169751746314,4.999923674890683e-05,0.06
3500,0.5585564970970154,0.027718672528862953,0.5153461694717407,0.15491671860218048,0.007794953350509916,4.999828269618618e-05,0.07
4000,0.3301885426044464,0.03513261303305626,0.2811269760131836,0.13928960263729095,0.007290486246347427,4.9996947043182605e-05,0.08
4500,0.27499911189079285,0.03507964685559273,0.2251327484846115,0.1478673368692398,0.007115468915019717,4.999522981070106e-05,0.09
5000,0.40432679653167725,0.04083520174026489,0.3490833342075348,0.14408257603645325,0.007338870316743851,4.9993131025490215e-05,0.1
5500,0.32232579588890076,0.0430474653840065,0.2641982436180115,0.15080095827579498,0.00689917483500072,4.999065072024203e-05,0.11
6000,0.33369210362434387,0.031816814094781876,0.2871003746986389,0.14774909615516663,0.00673636474779674,4.998778893359126e-05,0.12
6500,0.414909303188324,0.05497381463646889,0.3439848721027374,0.15950611233711243,0.0071142613887786865,4.9984545710114854e-05,0.13
7000,0.32877638936042786,0.02909860573709011,0.284797728061676,0.14880052208900452,0.007671133748122624,4.9980921100331254e-05,0.13
7500,0.2527417242527008,0.029506633058190346,0.2089921534061432,0.14242935180664062,0.007203713059425354,4.99769151606996e-05,0.14
8000,0.31285393238067627,0.022943096235394478,0.27488359808921814,0.150272399187088,0.0069103411265781945,4.997252795361887e-05,0.15
8500,0.4200224280357361,0.03265638276934624,0.3729907274246216,0.14375339448451996,0.006711553782224655,4.996775954742689e-05,0.16
9000,0.4425628185272217,0.04809053614735603,0.37905341386795044,0.15418855845928192,0.0075419944311891285,4.996261001639928e-05,0.17
9500,0.45945101976394653,0.06729819625616074,0.3773040771484375,0.14848734438419342,0.007642110011407307,4.995707944074831e-05,0.18
10000,0.31055912375450134,0.03423169627785683,0.2608243227005005,0.15503114461898804,0.005984392549310412,4.995116790662159e-05,0.19
10500,0.45168036222457886,0.042282458394765854,0.3942454755306244,0.15152427554130554,0.006474709404366357,4.9944875506100826e-05,0.2
11000,0.25229397416114807,0.02432973124086857,0.21476419270038605,0.13200056552886963,0.006850539573601314,4.9938202337200294e-05,0.21
11500,0.3100244998931885,0.03270132467150688,0.26350682973861694,0.13816362619400024,0.005802084824868611,4.9931148503865394e-05,0.22
12000,0.41959348320961,0.026161082088947296,0.37953490018844604,0.13897496461868286,0.006962884749685015,4.9923714115970936e-05,0.23
12500,0.3475658893585205,0.04111291095614433,0.29089903831481934,0.1555393785238266,0.006836974727255958,4.991589928931951e-05,0.24
13000,0.319713830947876,0.048097558319568634,0.2564070522785187,0.15209239721298218,0.006051498864378248,4.990770414563967e-05,0.25
13500,0.3278326392173767,0.020533274859189987,0.2933970093727112,0.1390235424041748,0.005856450647115707,4.9899128812583976e-05,0.26
14000,0.2674654722213745,0.03478841483592987,0.21844851970672607,0.14228521287441254,0.006528712276901517,4.98901734237271e-05,0.27
14500,0.2834530174732208,0.028044160455465317,0.24101302027702332,0.14395825564861298,0.006243909043925149,4.9880838118563656e-05,0.28
15000,0.31059786677360535,0.060184068977832794,0.23567044734954834,0.14743362367153168,0.006675049662590027,4.98711230425061e-05,0.29
15500,0.2606481611728668,0.043393444269895554,0.20278292894363403,0.14471791684627533,0.006530478596687317,4.986102834688241e-05,0.3
16000,0.3031560778617859,0.03042520210146904,0.2584719657897949,0.14258934557437897,0.00657193415931293,4.985055418893375e-05,0.31
16500,0.2901255488395691,0.029068946838378906,0.24686847627162933,0.1418810933828354,0.006642929145268032,4.983970073181205e-05,0.32
17000,0.34476280212402344,0.06642606109380722,0.2643944323062897,0.1394229531288147,0.006819433931793485,4.982846814457741e-05,0.33
17500,0.40556997060775757,0.026935158297419548,0.36357325315475464,0.15061567723751068,0.006645379321915763,4.98168566021955e-05,0.34
18000,0.30618786811828613,0.020610138773918152,0.27282848954200745,0.12749241292476654,0.005955074514661517,4.9804866285534815e-05,0.35
18500,0.2669554054737091,0.019406259059906006,0.23199529945850372,0.15553855895996094,0.0069091155060700005,4.9792497381363906e-05,0.36
19000,0.24039815366268158,0.041572749614715576,0.18518155813217163,0.13643844425678253,0.0070844681135245734,4.977975008234841e-05,0.37
19500,0.2705960273742676,0.025842536240816116,0.23111476004123688,0.13638749718666077,0.006081627947943551,4.976662458704807e-05,0.38
20000,0.3429776132106781,0.023139169439673424,0.3069795072078705,0.12858915328979492,0.00725790166429111,4.975312109991365e-05,0.38
20500,0.2834302484989166,0.025517413392663002,0.24369779229164124,0.14215052127838135,0.00750654297215598,4.9739239831283765e-05,0.39
21000,0.32585689425468445,0.021143876016139984,0.29005128145217896,0.14661724865436554,0.00626937672495842,4.972498099738157e-05,0.4
21500,0.2650974988937378,0.026568198576569557,0.22363291680812836,0.14896385371685028,0.006169830049787249,4.971034482031139e-05,0.41
22000,0.30162513256073,0.01787596195936203,0.26996713876724243,0.13782010972499847,0.0066970182316643855,4.969533152805534e-05,0.42
22500,0.24448460340499878,0.028191763907670975,0.20280519127845764,0.13487648963928223,0.005876670458487102,4.9679941354469625e-05,0.43
23000,0.3339270353317261,0.0417599156498909,0.27784085273742676,0.14326275885105133,0.0064059000994477954,4.966417453928107e-05,0.44
23500,0.32958540320396423,0.0526093915104866,0.2624732255935669,0.14502790570259094,0.006603946111031941,4.9648031328083245e-05,0.45
24000,0.25551673769950867,0.014079315587878227,0.22724787890911102,0.14189554750919342,0.006641493844134467,4.963151197233271e-05,0.46
24500,0.2660194933414459,0.022422682493925095,0.23035061359405518,0.13246209919452667,0.005936095757143838,4.961461672934509e-05,0.47
25000,0.270185649394989,0.035590000450611115,0.2207484096288681,0.13847246766090393,0.006542215922049114,4.9597345862291063e-05,0.48
25500,0.40585529804229736,0.03960143029689789,0.3521489202976227,0.1410495787858963,0.006200762731688363,4.957969964019225e-05,0.49
26000,0.2808127999305725,0.017285142093896866,0.24978503584861755,0.13742618262767792,0.005696122135434832,4.956167833791702e-05,0.5
26500,0.35451018810272217,0.01945050247013569,0.3201959729194641,0.14863714575767517,0.005920330860785076,4.9543282236176246e-05,0.51
27000,0.22955834865570068,0.028454260900616646,0.18762406706809998,0.13480022549629211,0.006536749324628285,4.9524511621518895e-05,0.52
27500,0.23447789251804352,0.020503807812929153,0.20024050772190094,0.13733580708503723,0.006530224212578365,4.950536678632759e-05,0.53
28000,0.337677538394928,0.023305393755435944,0.3008955717086792,0.13476569950580597,0.006230757172618594,4.948584802881401e-05,0.54
28500,0.32604315876960754,0.03778557479381561,0.2735781967639923,0.14679400622844696,0.007064145590577807,4.9465955653014305e-05,0.55
29000,0.2988699972629547,0.04751413315534592,0.2371949553489685,0.14160893857479095,0.00690363347530365,4.944568996878433e-05,0.56
29500,0.42267683148384094,0.03268176689743996,0.3755212426185608,0.14473837614059448,0.006922420114278793,4.942505129179481e-05,0.57
30000,0.30910828709602356,0.02925362065434456,0.2651965916156769,0.14658071100711823,0.006784177252224514,4.9404039943526456e-05,0.58
30500,0.2609655261039734,0.029039908200502396,0.21787655353546143,0.1404908150434494,0.005809359784637179,4.93826562512649e-05,0.59
31000,0.28283676505088806,0.027695216238498688,0.24061477184295654,0.14526785910129547,0.007112938378538404,4.936090054809567e-05,0.6
31500,0.5920479893684387,0.05295002833008766,0.524444580078125,0.1465340107679367,0.0055847253118242535,4.933877317289895e-05,0.61
32000,0.29510894417762756,0.06757386773824692,0.2140152007341385,0.13519877195358276,0.006451550338949476,4.931627447034429e-05,0.62
32500,0.31144386529922485,0.03550306335091591,0.2614051401615143,0.1453566998243332,0.005682522697108132,4.929340479088532e-05,0.63
33000,0.23178435862064362,0.008015626110136509,0.21008723974227905,0.1368149071931839,0.006091463778700147,4.927016449075417e-05,0.64
33500,0.24106769263744354,0.0261264406144619,0.2008492350578308,0.14092010259628296,0.006619886628219059,4.924655393195602e-05,0.64
34000,0.35519832372665405,0.02420962229371071,0.3171263635158539,0.13862355053424835,0.006939666611807687,4.9222573482263424e-05,0.65
34500,0.2625831961631775,0.020740041509270668,0.22842282056808472,0.13420329988002777,0.006108463874885014,4.91982235152106e-05,0.66
35000,0.22446192800998688,0.01739102602005005,0.19302576780319214,0.14045128226280212,0.0067033496286187854,4.9173504410087536e-05,0.67
35500,0.19007053971290588,0.022823253646492958,0.15392935276031494,0.13317930698394775,0.006903809628316334,4.914841655193422e-05,0.68
36000,0.18634353578090668,0.006774801295250654,0.1667061448097229,0.12862594425678253,0.006520536861249379,4.912296033153449e-05,0.69
36500,0.28175878524780273,0.030489617958664894,0.23717905580997467,0.14090119302272797,0.0063577140016215184,4.909713614541008e-05,0.7
37000,0.23082080483436584,0.011814052239060402,0.2054998129606247,0.13506931066513062,0.005970128944941929,4.907094439581435e-05,0.71
37500,0.24607142806053162,0.026476845145225525,0.2061232477426529,0.134713277220726,0.005741439227546964,4.904438549072605e-05,0.72
38000,0.26256227493286133,0.011749626137316227,0.2369183748960495,0.13894274830818176,0.005918706102030618,4.9017459843843e-05,0.73
38500,0.29946038126945496,0.017762349918484688,0.2667973041534424,0.14900709688663483,0.005831415099757058,4.8990167874575586e-05,0.74
39000,0.2704026401042938,0.018188390880823135,0.2388482689857483,0.13365982472896576,0.006409159196274621,4.896251000804027e-05,0.75
39500,0.29438695311546326,0.03256944194436073,0.24767687916755676,0.14140626788139343,0.006509781415973391,4.893448667505296e-05,0.76
40000,0.2542506754398346,0.03329547494649887,0.20701472461223602,0.13940492272377014,0.006525869348219463,4.890609831212227e-05,0.77
40500,0.22345705330371857,0.02193259634077549,0.18788231909275055,0.1364213228225708,0.006403727723019463,4.887734536144277e-05,0.78
41000,0.3446512520313263,0.015462512150406837,0.3155803680419922,0.13608363270759583,0.006063293133463178,4.884822827088806e-05,0.79
41500,0.2110235095024109,0.006386362016201019,0.1911875307559967,0.1344960629940033,0.006531288581235068,4.8818747494003814e-05,0.8
42000,0.329557865858078,0.01758461631834507,0.2979408800601959,0.140323668718338,0.006198597805840629,4.8788903490000684e-05,0.81
42500,0.25893205404281616,0.021477388218045235,0.22310584783554077,0.14348825812339783,0.0062158820884568354,4.87586967237472e-05,0.82
43000,0.2469533234834671,0.024476103484630585,0.20846398174762726,0.14013250172138214,0.00619304073708398,4.872812766576249e-05,0.83
43500,0.3567116856575012,0.027213359251618385,0.3148946464061737,0.1460367739200592,0.006867346486874989,4.869719679220895e-05,0.84
44000,0.24490296840667725,0.012935863807797432,0.2184567004442215,0.13510408997535706,0.006065104688916888,4.8665904584884844e-05,0.85
44500,0.30949002504348755,0.019188836216926575,0.27691513299942017,0.13386067748069763,0.006666942366531917,4.86342515312168e-05,0.86
45000,0.19978764653205872,0.007838965393602848,0.17856208980083466,0.13386590778827667,0.005639505705663136,4.8602238124252216e-05,0.87
45500,0.23348693549633026,0.018397517502307892,0.2024804800748825,0.12608928978443146,0.005690570920705795,4.856986486265153e-05,0.88
46000,0.24318212270736694,0.026422768831253052,0.20322412252426147,0.1353522688150406,0.006296688424689429,4.8537132250680553e-05,0.89
46500,0.2913108468055725,0.03175510838627815,0.2456860989332199,0.13869628310203552,0.00582658765571458,4.850404079820252e-05,0.89
47000,0.28509193658828735,0.016312258318066597,0.2546825706958771,0.14097100496292114,0.005980895033904484,4.847059102067021e-05,0.9
47500,0.23585373163223267,0.018866179510951042,0.20304211974143982,0.13945433497428894,0.006125171269689288,4.843678343911788e-05,0.91
48000,0.2479299157857895,0.02246394194662571,0.21220962703227997,0.13256338238716125,0.0062551599528108326,4.840261858015316e-05,0.92
48500,0.2449045479297638,0.03134317696094513,0.20010998845100403,0.13451389968395233,0.0062836626810686925,4.836809697594886e-05,0.93
49000,0.21106581389904022,0.04229533672332764,0.15647438168525696,0.12296098470687866,0.006480236670800618,4.833321916423465e-05,0.94
49500,0.21537050604820251,0.020739570260047913,0.18131497502326965,0.1331595778465271,0.005693972110748291,4.829798568828876e-05,0.95
50000,0.1816575825214386,0.012440560385584831,0.15646061301231384,0.12756399810314178,0.005406356815780912,4.8262397096929394e-05,0.96
50500,0.225889652967453,0.009453215636312962,0.20272620022296906,0.13710224628448486,0.0059436602251870295,4.822645394450632e-05,0.97
51000,0.20415210723876953,0.018189702183008194,0.1720898449420929,0.13872571289539337,0.005407332309654781,4.819015679089211e-05,0.98
51500,0.2570340633392334,0.039710137993097305,0.20390364527702332,0.13420283794403076,0.006027900214706149,4.815350620147351e-05,0.99
52000,0.2589881420135498,0.05217380449175835,0.19289997220039368,0.13914354145526886,0.006679977157286235,4.8116502747142594e-05,1.0
52500,0.45447471737861633,0.03912512585520744,0.40112045407295227,0.1422915756702423,0.006898263735430581,4.8079147004287864e-05,1.01
53000,0.20682020485401154,0.020385529845952988,0.17291192710399628,0.1352274864912033,0.005797034927776882,4.804143955478528e-05,1.02
53500,0.21932126581668854,0.03029436059296131,0.17528952658176422,0.13737381994724274,0.006538197930370059,4.800338098598923e-05,1.03
54000,0.3198676109313965,0.011919533833861351,0.29391852021217346,0.14029552042484283,0.005387380187000547,4.7964971890723326e-05,1.04
54500,0.20051224529743195,0.03166956454515457,0.15616454184055328,0.12678126990795135,0.006346204983336585,4.792621286727121e-05,1.05
55000,0.2471286505460739,0.02113308385014534,0.2127838134765625,0.1321175992488861,0.006203437490122659,4.7887104519367205e-05,1.06
55500,0.322370320558548,0.022825423628091812,0.28577515482902527,0.13769759237766266,0.007228577775614602,4.7847647456186935e-05,1.07
56000,0.23360814154148102,0.02853529341518879,0.1924254298210144,0.12647418677806854,0.006793488881417683,4.780784229233783e-05,1.08
56500,0.2720823585987091,0.02855112962424755,0.23059424757957458,0.12936991453170776,0.005935261824301311,4.776768964784954e-05,1.09
57000,0.25088411569595337,0.015941942110657692,0.221354141831398,0.13588036596775055,0.005679825054747718,4.7727190148164296e-05,1.1
57500,0.23602111637592316,0.026236483827233315,0.19632038474082947,0.13464242219924927,0.005592373332806996,4.7686344424127155e-05,1.11
58000,0.19213154911994934,0.016641907393932343,0.16248224675655365,0.13007402420043945,0.005862686250891004,4.7645153111976184e-05,1.12
58500,0.4275825321674347,0.024591190740466118,0.38876333832740784,0.14228013157844543,0.005458896713597434,4.760361685333251e-05,1.13
59000,0.29098451137542725,0.017763014882802963,0.2592851221561432,0.13936366140842438,0.005963281329189028,4.756173629519042e-05,1.14
59500,0.20628908276557922,0.02005094476044178,0.17281807959079742,0.13420063257217407,0.006429819656269891,4.751951208990715e-05,1.14
60000,0.2510664761066437,0.01600153185427189,0.22213362157344818,0.12931311130523682,0.0062155404261180335,4.747694489519286e-05,1.15
60500,0.21000975370407104,0.03296622633934021,0.16391225159168243,0.13131269812583923,0.0057161833558763775,4.743403537410027e-05,1.16
61000,0.2366432398557663,0.023132817819714546,0.19981466233730316,0.13695764541625977,0.006194366408245904,4.739078419501442e-05,1.17
61500,0.37588754296302795,0.006798881571739912,0.35564181208610535,0.13446848094463348,0.00567906243460519,4.73471920316422e-05,1.18
62000,0.26587140560150146,0.03422074019908905,0.21853940188884735,0.13111254572868347,0.006367184753928866,4.7303259563001915e-05,1.19
62500,0.26115766167640686,0.03784550353884697,0.20923691987991333,0.14075221121311188,0.005580104355301175,4.7258987473412644e-05,1.2
63000,0.24427632987499237,0.028584318235516548,0.20234350860118866,0.1334850937128067,0.0051104021923882624,4.721437645248362e-05,1.21
63500,0.2453528791666031,0.020856210961937904,0.21162596344947815,0.12870702147483826,0.006526424416473934,4.7169427195103465e-05,1.22
64000,0.2716412842273712,0.01223755907267332,0.24579034745693207,0.1361338049173355,0.006158628634044102,4.7124140401429406e-05,1.23
64500,0.22807274758815765,0.022586539387702942,0.19183892011642456,0.13647283613681793,0.005430622292416436,4.7078516776876316e-05,1.24
65000,0.24522064626216888,0.016410257667303085,0.21565787494182587,0.13152505457401276,0.0056957559926169255,4.7032557032105784e-05,1.25
65500,0.3334946036338806,0.011412684805691242,0.3079528212547302,0.14129091799259186,0.006344061344861984,4.6986261883014976e-05,1.26
66000,0.24050313234329224,0.026281392201781273,0.2000543773174286,0.1416737139225006,0.005556842578308923,4.693963205072555e-05,1.27
66500,0.21323038637638092,0.008683368563652039,0.19186249375343323,0.12684519588947296,0.005605267626898629,4.689266826157238e-05,1.28
67000,0.24289189279079437,0.014129984192550182,0.21540698409080505,0.1335492879152298,0.006268572062253952,4.6845371247092255e-05,1.29
67500,0.29562002420425415,0.027507005259394646,0.25404825806617737,0.14064757525920868,0.006223490727799279,4.6797741744012524e-05,1.3
68000,0.21010492742061615,0.03733142465353012,0.16051529347896576,0.12258221209049225,0.0056668174053941455,4.6749780494239506e-05,1.31
68500,0.22079353034496307,0.010900822468101978,0.1968178004026413,0.13074907660484314,0.005103519452469689,4.670148824484709e-05,1.32
69000,0.26195019483566284,0.017747940495610237,0.23017431795597076,0.14027951657772064,0.006074461553777967,4.665286574806497e-05,1.33
69500,0.2287828028202057,0.028307722881436348,0.18706612288951874,0.13408957421779633,0.007255599967070988,4.6603913761267e-05,1.34
70000,0.20163831114768982,0.02513958141207695,0.16276463866233826,0.13734079897403717,0.007119444864136832,4.6554633046959344e-05,1.35
70500,0.1964777410030365,0.005825870670378208,0.17790058255195618,0.1275128871202469,0.0056498487080846515,4.6505024372768665e-05,1.36
71000,0.2484484165906906,0.027903929352760315,0.2065276950597763,0.14016787707805634,0.005820940115622112,4.6455088511430087e-05,1.37
71500,0.24161329865455627,0.00888909213244915,0.21867957711219788,0.14044634997844696,0.005083286336490086,4.640482624077526e-05,1.38
72000,0.2537519037723541,0.018829097971320152,0.22176407277584076,0.13158749043941498,0.006267892462866647,4.635423834372012e-05,1.39
72500,0.15811970829963684,0.013354604132473469,0.13206474483013153,0.12700362503528595,0.005173921585083008,4.630332560825281e-05,1.4
73000,0.26010847091674805,0.012237836606800556,0.23426276445388794,0.1360788345336914,0.005452000669070652,4.625208882742133e-05,1.4
73500,0.22551649808883667,0.03099583275616169,0.18016819655895233,0.14352470636367798,0.00563895223396165,4.620052879932121e-05,1.41
74000,0.264534592628479,0.020736457780003548,0.23066051304340363,0.13137608766555786,0.005984863532441003,4.614864632708309e-05,1.42
74500,0.19182512164115906,0.00745740020647645,0.1715015321969986,0.12866181135177612,0.00576909099306379,4.60964422188602e-05,1.43
75000,0.1777482032775879,0.005963652860373259,0.1595759093761444,0.12208641320466995,0.006028562784194946,4.604391728781575e-05,1.44
75500,0.2982615530490875,0.028399789705872536,0.25788387656211853,0.11977887153625488,0.005883453147751945,4.59910723521103e-05,1.45
76000,0.41179338097572327,0.016794871538877487,0.38114070892333984,0.1385781466960907,0.005839299410581589,4.593790823488898e-05,1.46
76500,0.1754973828792572,0.009920753538608551,0.15224000811576843,0.13336625695228577,0.005573948046990803,4.588442576426872e-05,1.47
77000,0.33826637268066406,0.01628960482776165,0.30940011143684387,0.1257665753364563,0.005579616874456406,4.583062577332529e-05,1.48
77500,0.30471286177635193,0.011722521856427193,0.27882519364356995,0.14165140688419342,0.005690316004412515,4.577650910008035e-05,1.49
78000,0.30567070841789246,0.023549458011984825,0.26871880888938904,0.13402444124221802,0.0060944801994732446,4.572207658748842e-05,1.5
78500,0.18236815929412842,0.009474661201238632,0.16021841764450073,0.12675084173679352,0.0057063666837556025,4.5667329083423714e-05,1.51
79000,0.3484462797641754,0.03444976732134819,0.3002328872680664,0.13763639330863953,0.005974024534225464,4.561226744066693e-05,1.52
79500,0.2205221951007843,0.041073232889175415,0.16623248159885406,0.13216474652290344,0.0052042486412184575,4.5556892516892026e-05,1.53
80000,0.19873304665088654,0.010495364665985107,0.17459110915660858,0.13646569848060608,0.005647701876504081,4.5501205174652784e-05,1.54
80500,0.32915619015693665,0.02968495897948742,0.2858099341392517,0.13661308586597443,0.0056851937302521294,4.54452062813694e-05,1.55
81000,0.22534611821174622,0.02461419627070427,0.18724173307418823,0.13490179181098938,0.005882830492087773,4.5388896709315017e-05,1.56
81500,0.2784961462020874,0.013854867778718472,0.2516273856163025,0.1301390826702118,0.005635007151535579,4.533227733560206e-05,1.57
82000,0.21615448594093323,0.02498757466673851,0.17830170691013336,0.12865200638771057,0.0057162099650927955,4.527534904216864e-05,1.58
82500,0.19482079148292542,0.025868957862257957,0.15646785497665405,0.12483987957239151,0.005563267107520785,4.52181127157648e-05,1.59
83000,0.205717995762825,0.008312857709825039,0.18395060300827026,0.13454538583755493,0.0057366809674671716,4.5160569247938664e-05,1.6
83500,0.23493285477161407,0.01457026693969965,0.20684079825878143,0.13521791994571686,0.005384403680052076,4.51027195350226e-05,1.61
84000,0.26786351203918457,0.010032333433628082,0.2445472776889801,0.13283900916576385,0.005103329462664468,4.5044564478119227e-05,1.62
84500,0.22287914156913757,0.019080178812146187,0.19031649827957153,0.13482464849948883,0.005507061524050576,4.4986104983087395e-05,1.63
85000,0.21716023981571198,0.023318307474255562,0.18077145516872406,0.13070473074913025,0.004971058240958622,4.492734196052808e-05,1.64
85500,0.19981791079044342,0.021975966170430183,0.1644592136144638,0.13382726907730103,0.005420501743044172,4.486827632577016e-05,1.65
86000,0.18556049466133118,0.012165574356913567,0.16084237396717072,0.12552548944950104,0.00546067048396383,4.4808908998856216e-05,1.65
86500,0.29114681482315063,0.008622342720627785,0.26904651522636414,0.13477946817874908,0.00568268501332828,4.474924090452815e-05,1.66
87000,0.23127081990242004,0.027918659150600433,0.19031207263469696,0.1304008960723877,0.006155912897416523,4.468927297221282e-05,1.67
87500,0.27815723419189453,0.03239353746175766,0.23201633989810944,0.13747365772724152,0.005334737577608654,4.462900613600752e-05,1.68
88000,0.2267463505268097,0.019223937764763832,0.1937360018491745,0.13786397874355316,0.006269346922636032,4.4568441334665486e-05,1.69
88500,0.2626394033432007,0.019193608313798904,0.22938956320285797,0.14056240022182465,0.005459382597889219,4.450757951158122e-05,1.7
89000,0.2396693080663681,0.01593736559152603,0.21108002960681915,0.12651902437210083,0.005529552698135376,4.4446421614775814e-05,1.71
89500,0.20101132988929749,0.018438052386045456,0.1698787361383438,0.1269453763961792,0.005341775183166776,4.438496859688219e-05,1.72
90000,0.18813148140907288,0.021808326244354248,0.15386316180229187,0.12459997832775116,0.005748116544314793,4.432322141513028e-05,1.73
90500,0.30997100472450256,0.01234947144985199,0.28467682003974915,0.12944719195365906,0.005867369472980499,4.4261181031332064e-05,1.74
91000,0.22642111778259277,0.040001142770051956,0.17386317253112793,0.12556806206703186,0.005470383912324905,4.419884841186663e-05,1.75
91500,0.2599196434020996,0.012418689206242561,0.23424269258975983,0.13258272409439087,0.005684480603252139,4.41362245276651e-05,1.76
92000,0.21587468683719635,0.03629088029265404,0.16666679084300995,0.12917013466358185,0.005624139415366309,4.407331035419552e-05,1.77
92500,0.3224104642868042,0.017555957660079002,0.2912798821926117,0.13574644923210144,0.0066141315868922645,4.401010687144765e-05,1.78
93000,0.15725140273571014,0.010207431390881538,0.13475605845451355,0.12287908792495728,0.005873793470008033,4.394661506391774e-05,1.79
93500,0.15407967567443848,0.01318439096212387,0.12813042104244232,0.12764866650104523,0.005639434392963137,4.388283592059313e-05,1.8
94000,0.204441636800766,0.015342800877988338,0.17662756145000458,0.1247127428650856,0.0057196249919278285,4.3818770434936876e-05,1.81
94500,0.18772326409816742,0.02488977462053299,0.15036047995090485,0.12473003566265106,0.006310399621725082,4.375441960487231e-05,1.82
95000,0.17186829447746277,0.008613397367298603,0.15066049993038177,0.12594406306743622,0.006365405661719186,4.368978443276744e-05,1.83
95500,0.2357759028673172,0.02681729942560196,0.19600757956504822,0.1295103281736374,0.005983886974198478,4.362486592541937e-05,1.84
96000,0.19615818560123444,0.024943877011537552,0.15779563784599304,0.13418669998645782,0.00645534907068525,4.355966509403859e-05,1.85
96500,0.2215854525566101,0.026141246780753136,0.1827678680419922,0.12676343321800232,0.0055234549301011225,4.3494182954233266e-05,1.86
97000,0.23962436616420746,0.00792260468006134,0.2193915843963623,0.12310179322957993,0.0051557086408138275,4.342842052599338e-05,1.87
97500,0.26712384819984436,0.02829674258828163,0.22533529996871948,0.13491809368133545,0.005193430398191724,4.3362378833674875e-05,1.88
98000,0.2519279420375824,0.03839005157351494,0.19929993152618408,0.14237946271896362,0.005255964185510363,4.329605890598367e-05,1.89
98500,0.2602043151855469,0.007978571578860283,0.23898956179618835,0.13236184418201447,0.005709795015198844,4.322946177595964e-05,1.9
99000,0.2284281998872757,0.015628879889845848,0.1996130496263504,0.13186272978782654,0.00529552304318973,4.316258848096056e-05,1.91
99500,0.16041366755962372,0.01019279658794403,0.13747458159923553,0.12746290862560272,0.005735436188323157,4.309544006264589e-05,1.91
100000,0.27800899744033813,0.01352271344512701,0.25069090723991394,0.13795365393161774,0.005634650055851255,4.30280175669606e-05,1.92
100500,0.2234557867050171,0.021271543577313423,0.18971675634384155,0.12467481195926666,0.005273204829011645,4.296032204411886e-05,1.93
101000,0.16798749566078186,0.009009229019284248,0.1460132747888565,0.12964999675750732,0.005730366068226951,4.2892354548587655e-05,1.94
101500,0.2954083979129791,0.015331613831222057,0.2669859826564789,0.1309078335762024,0.005575558968952724,4.2824116139070415e-05,1.95
102000,0.21195541322231293,0.015184983611106873,0.1831207126379013,0.13649716973304749,0.005493719130754471,4.275560787849047e-05,1.96
102500,0.18155397474765778,0.009111742489039898,0.15916258096694946,0.1327964961528778,0.00544206691639764,4.268683083397452e-05,1.97
103000,0.34901323914527893,0.018784044310450554,0.31669124960899353,0.13537956774234772,0.005052814526217324,4.261778607683601e-05,1.98
103500,0.21134662628173828,0.023988299071788788,0.17448848485946655,0.12869837880134583,0.005992695157017026,4.254847468255845e-05,1.99
104000,0.20187881588935852,0.014424837194383144,0.17438656091690063,0.13067424297332764,0.00554743196283068,4.247889773077863e-05,2.0
104500,0.31222841143608093,0.00692130159586668,0.29195889830589294,0.13348223268985748,0.006142410848821912,4.2409056305269854e-05,2.01
105000,0.18762178719043732,0.031320106238126755,0.14436954259872437,0.11932137608528137,0.005433267248528344,4.2338951493925025e-05,2.02
105500,0.1753397434949875,0.024098709225654602,0.13861405849456787,0.12626969814300537,0.005521710429872785,4.226858438873967e-05,2.03
106000,0.18629418313503265,0.011151114478707314,0.1618572324514389,0.13285832107067108,0.0054619695459093365,4.219795608579503e-05,2.04
106500,0.23240558803081512,0.02662794478237629,0.19256556034088135,0.13212084770202637,0.005925361067056656,4.212706768524087e-05,2.05
107000,0.1420297473669052,0.015460480935871601,0.11454249918460846,0.12026765942573547,0.006113965596471514,4.2055920291278415e-05,2.06
107500,0.2508435845375061,0.009742924943566322,0.22793331742286682,0.13167324662208557,0.005344736788954053,4.198451501214313e-05,2.07
108000,0.20559537410736084,0.015385415405035019,0.17674043774604797,0.13469524681568146,0.006037507206201553,4.1912852960087456e-05,2.08
108500,0.21121235191822052,0.009563607163727283,0.18816344439983368,0.13485296070575714,0.005330001137086323,4.1840935251363475e-05,2.09
109000,0.17442068457603455,0.024497194215655327,0.137547567486763,0.12375917285680771,0.005442897123949868,4.1768763006205564e-05,2.1
109500,0.3701339364051819,0.029192155227065086,0.32770612835884094,0.13235655426979065,0.005695105131183352,4.169633734881289e-05,2.11
110000,0.20262731611728668,0.018246037885546684,0.17060929536819458,0.13771986961364746,0.0065280720591545105,4.1623659407331924e-05,2.12
110500,0.23612862825393677,0.03298468142747879,0.19073328375816345,0.12410664558410645,0.006027583032846451,4.1550730313838884e-05,2.13
111000,0.22520428895950317,0.013772737234830856,0.1985265612602234,0.1290498673915863,0.005107042512723378,4.147755120432208e-05,2.14
111500,0.18472686409950256,0.007597769610583782,0.16470137238502502,0.12427711486816406,0.006053404084273747,4.140412321866421e-05,2.15
112000,0.22525252401828766,0.011703302152454853,0.20111295580863953,0.12436266988515854,0.005637756415775844,4.133044750062464e-05,2.16
112500,0.19004720449447632,0.02277953550219536,0.1545053869485855,0.12762275338172913,0.006053490830319268,4.1256525197821565e-05,2.16
113000,0.2370697408914566,0.02010129950940609,0.20411008596420288,0.1285836547613144,0.005947001278400421,4.1182357461714125e-05,2.17
113500,0.1749533712863922,0.008816653862595558,0.15265604853630066,0.13480666279792786,0.005991209298372269,4.110794544758449e-05,2.18
114000,0.24658448994159698,0.01979655772447586,0.21374307572841644,0.13044849038124084,0.0053660741874149865,4.103329031451985e-05,2.19
114500,0.2511860728263855,0.013173338025808334,0.22622115910053253,0.11791586130857468,0.005399594349520547,4.095839322539436e-05,2.2
115000,0.18139155209064484,0.014216271229088306,0.1545080989599228,0.12667177617549896,0.005333589123828071,4.088325534685103e-05,2.21
115500,0.19127628207206726,0.009307879954576492,0.1693531572818756,0.12615251541137695,0.005622708371707371,4.080787784928357e-05,2.22
116000,0.16786526143550873,0.020553676411509514,0.13475948572158813,0.1255209594964981,0.005659359906400953,4.0732261906818135e-05,2.23
116500,0.21777400374412537,0.010554163716733456,0.19422902166843414,0.1299082487821579,0.005452878773212433,4.0656408697295026e-05,2.24
117000,0.2024076282978058,0.022188855335116386,0.16715916991233826,0.13059596717357635,0.005368309893778392,4.05803194022504e-05,2.25
117500,0.20927205681800842,0.016104653477668762,0.18030348420143127,0.1286391317844391,0.006271922162600926,4.050399520689777e-05,2.26
118000,0.1825316995382309,0.009027174673974514,0.1611117571592331,0.12392773479223251,0.005585119660411563,4.042743730010966e-05,2.27
118500,0.3085426390171051,0.008698094636201859,0.2872331440448761,0.12611399590969086,0.005905585097415107,4.035064687439899e-05,2.28
119000,0.23183119297027588,0.01165180653333664,0.20786628127098083,0.12313096970319748,0.005819835300956454,4.027362512590056e-05,2.29
119500,0.2046317607164383,0.014968202449381351,0.17739339172840118,0.12270162254571915,0.005099362028496606,4.019637325435237e-05,2.3
120000,0.3186928927898407,0.012048618867993355,0.2939029037952423,0.12741346657276154,0.005493277949946267,4.0118892463076976e-05,2.31
120500,0.20486997067928314,0.006543518975377083,0.18504704535007477,0.13279405236244202,0.005229942500591278,4.004118395896272e-05,2.32
121000,0.25936728715896606,0.017174024134874344,0.2285812795162201,0.13611988723278046,0.005799127476555961,3.9963248952444946e-05,2.33
121500,0.21771900355815887,0.009108072146773338,0.19574490189552307,0.1286604106426239,0.005288630723953247,3.988508865748714e-05,2.34
122000,0.19359172880649567,0.020529719069600105,0.1611425280570984,0.11919477581977844,0.0053591132164001465,3.9806704291562005e-05,2.35
122500,0.15512900054454803,0.010832729749381542,0.13154719769954681,0.12749077379703522,0.005268638687474387,3.972809707563252e-05,2.36
123000,0.3066371977329254,0.014273974113166332,0.2786991000175476,0.13664129376411438,0.005326510540076664,3.964926823413293e-05,2.37
123500,0.1559130698442459,0.01110652182251215,0.13263674080371857,0.1216980591416359,0.0052416665213448664,3.9570218994949605e-05,2.38
124000,0.20604710280895233,0.031019087880849838,0.16251733899116516,0.12510670721530914,0.005519026624304908,3.9490950589402023e-05,2.39
124500,0.19145949184894562,0.005669392179697752,0.17343729734420776,0.12352809309959412,0.005548488880906787,3.94114642522235e-05,2.4
125000,0.21213175356388092,0.019101008772850037,0.17987684905529022,0.13153889775276184,0.00546212973339217,3.933176122154199e-05,2.41
125500,0.23012296855449677,0.012408196926116943,0.20481570065021515,0.12899072468280792,0.005758171102830342,3.925184273886082e-05,2.41
126000,0.21827185153961182,0.025100793689489365,0.18046365678310394,0.1270739883184433,0.005416961120707648,3.917171004903928e-05,2.42
126500,0.168613001704216,0.0028041715268045664,0.15392614901065826,0.1188267394900322,0.005442698087011065,3.909136440027336e-05,2.43
127000,0.2234603613615036,0.02650904282927513,0.1839773803949356,0.12973938882350922,0.005362335060323987,3.9010807044076134e-05,2.44
127500,0.201078400015831,0.008315282873809338,0.18057629466056824,0.1218683049082756,0.005893107503652573,3.893003923525845e-05,2.45
128000,0.18670232594013214,0.007937254384160042,0.1664404273033142,0.12324649095535278,0.00512399896979332,3.884906223190923e-05,2.46
128500,0.23327502608299255,0.02125055342912674,0.19979199767112732,0.12232489138841629,0.0053365592445646015,3.8767877295375977e-05,2.47
129000,0.18119069933891296,0.01465715654194355,0.15385563671588898,0.12677909433841705,0.0055088406162602565,3.868648569024508e-05,2.48
129500,0.17914144694805145,0.010660335421562195,0.15584060549736023,0.1264050155878067,0.00524041588817324,3.860488868432209e-05,2.49
130000,0.18235638737678528,0.0164318960160017,0.15364012122154236,0.12284372746944427,0.005436875990458897,3.852308754861209e-05,2.5
130500,0.17712053656578064,0.020813072100281715,0.1438889354467392,0.12418516725301743,0.005882936396769115,3.8441083557299724e-05,2.51
131000,0.2580552101135254,0.01151900552213192,0.23427321016788483,0.1226300299167633,0.005579603037663868,3.835887798772948e-05,2.52
131500,0.2815225124359131,0.022996513172984123,0.2456120103597641,0.1291400045156479,0.005480535328388214,3.8276472120385745e-05,2.53
132000,0.21478304266929626,0.00842208880931139,0.19397608935832977,0.12384861707687378,0.005445073225668499,3.8193867238872897e-05,2.54
132500,0.25170859694480896,0.0057401456870138645,0.2328132838010788,0.1315515637397766,0.005865032651594707,3.8111064629895235e-05,2.55
133000,0.21010395884513855,0.023747868835926056,0.17369183897972107,0.1266426295042038,0.005116000771522522,3.802806558323701e-05,2.56
133500,0.25853973627090454,0.016779839992523193,0.22904808819293976,0.1271180510520935,0.005847866513899395,3.7944871391742286e-05,2.57
134000,0.1649678647518158,0.014726376160979271,0.1383729875087738,0.11868501454591751,0.00551118648477963,3.786148335129484e-05,2.58
134500,0.16692110896110535,0.02213071472942829,0.13250814378261566,0.12282252311706543,0.0050649142691067284,3.7777902760797975e-05,2.59
135000,0.20899896323680878,0.016521140933036804,0.17964929342269897,0.12828528881072998,0.005367584526538849,3.7694130922154244e-05,2.6
135500,0.3406190872192383,0.016296222805976868,0.3119979202747345,0.12324926257133484,0.005341034382581711,3.7610169140245186e-05,2.61
136000,0.19395068287849426,0.02482473850250244,0.15730628371238708,0.11819665879011154,0.005351993654455457,3.7526018722911045e-05,2.62
136500,0.21594679355621338,0.018500717356801033,0.18449993431568146,0.12946148216724396,0.005601175129413605,3.744168098093037e-05,2.63
137000,0.22351427376270294,0.009454489685595036,0.2012208253145218,0.12838953733444214,0.005396873823234013,3.735715722799955e-05,2.64
137500,0.274874746799469,0.00938662514090538,0.252475380897522,0.13012737035751343,0.005381833761930466,3.7272448780712446e-05,2.65
138000,0.2520154118537903,0.0239078588783741,0.21488933265209198,0.13218235969543457,0.005398773721286229,3.7187556958539796e-05,2.66
138500,0.22121751308441162,0.005713749676942825,0.2030801773071289,0.12423586845397949,0.005105867449726377,3.710248308380872e-05,2.67
139000,0.2894584536552429,0.022383250296115875,0.253953218460083,0.1312200129032135,0.005541376769542694,3.701722848168208e-05,2.67
139500,0.22980159521102905,0.002083908999338746,0.2151169776916504,0.12600699067115784,0.005081291709627424,3.693179448013786e-05,2.68
140000,0.20550282299518585,0.019370831549167633,0.17305602133274078,0.13075964152812958,0.005014817097357341,3.684618240994852e-05,2.69
140500,0.16029289364814758,0.011628317646682262,0.13587555289268494,0.1278901845216751,0.005524744944913047,3.676039360466018e-05,2.7
141000,0.40182510018348694,0.02550508640706539,0.36306801438331604,0.13251978158950806,0.004993733550821032,3.667442940057189e-05,2.71
141500,0.22575795650482178,0.005617550574243069,0.20789743959903717,0.12242971360683441,0.005643638116972787,3.6588291136714864e-05,2.72
142000,0.22180083394050598,0.014846112579107285,0.19476327300071716,0.12191447615623474,0.00535467267036438,3.650198015483155e-05,2.73
142500,0.24723252654075623,0.015074409544467926,0.2196035534143448,0.12554553151130676,0.005261206201144627,3.6415497799354746e-05,2.74
143000,0.2410368174314499,0.010470904409885406,0.2182057499885559,0.1236017644405365,0.005661529089723315,3.632884541738669e-05,2.75
143500,0.20290417969226837,0.016911376267671585,0.17413176596164703,0.1186104342341423,0.005296417645045689,3.6242024358678055e-05,2.76
144000,0.18883046507835388,0.014455870725214481,0.16240042448043823,0.1197417601943016,0.005497799920184272,3.6155035975606936e-05,2.77
144500,0.17473895847797394,0.010765903629362583,0.15134738385677338,0.12625667452812195,0.005347945860454014,3.606788162315773e-05,2.78
145000,0.20888790488243103,0.013134496286511421,0.18287965655326843,0.12873750925064087,0.005286369472742081,3.598056265890014e-05,2.79
145500,0.17533089220523834,0.014812694862484932,0.14834316074848175,0.12175042182207108,0.005808406642505101,3.589308044296791e-05,2.8
146000,0.19510020315647125,0.014295194298028946,0.16800107061862946,0.1280394345521927,0.005176752805709839,3.5805436338037716e-05,2.81
146500,0.22354447841644287,0.015328816138207912,0.1955835372209549,0.12632127106189728,0.005517167704445975,3.571763170930792e-05,2.82
147000,0.21982702612876892,0.008722396567463875,0.1990542858839035,0.12050344794988632,0.0054435937532356805,3.562966792447729e-05,2.83
147500,0.27122142910957336,0.016183484345674515,0.24144501984119415,0.1359291523694992,0.005086153213466916,3.5541546353723714e-05,2.84
148000,0.1958971917629242,0.0076793646439909935,0.1747792363166809,0.13438603281974792,0.00511140695640019,3.5453268369682835e-05,2.85
148500,0.17448604106903076,0.015974296256899834,0.14570698142051697,0.12804754078388214,0.005576918167727334,3.5364835347426704e-05,2.86
149000,0.26068219542503357,0.028934312984347343,0.21875138580799103,0.12996485829353333,0.005532510046448026,3.5276248664442355e-05,2.87
149500,0.1594161093235016,0.010758538730442524,0.13576434552669525,0.12893223762512207,0.0055516841156142095,3.518750970061029e-05,2.88
150000,0.21254688501358032,0.007044821046292782,0.1930941939353943,0.1240786761045456,0.005285135869468961,3.509861983818308e-05,2.89
150500,0.22822967171669006,0.014656336978077888,0.2007923424243927,0.12780997157096863,0.005450133234262466,3.5009580461763755e-05,2.9
151000,0.19863460958003998,0.015632081776857376,0.16999495029449463,0.1300758421421051,0.005740577621119363,3.4920392958284264e-05,2.91
151500,0.18367238342761993,0.00940578244626522,0.16139771044254303,0.12868891656398773,0.005362883742366519,3.4831058716983904e-05,2.92
152000,0.18602880835533142,0.01421181857585907,0.15968456864356995,0.12132424116134644,0.005055785179138184,3.474157912938762e-05,2.92
152500,0.228393092751503,0.02184845134615898,0.19322051107883453,0.13324123620986938,0.00506219853247915,3.465195558928437e-05,2.93
153000,0.22754918038845062,0.004347758833318949,0.21067313849925995,0.1252829134464264,0.005378737513508115,3.45621894927054e-05,2.94
153500,0.1787550151348114,0.006584120914340019,0.16056759655475616,0.11603303253650665,0.005120271018573216,3.447228223790253e-05,2.95
154000,0.1533319503068924,0.012882012873888016,0.12827074527740479,0.12179196625947952,0.005159186997583934,3.43822352253263e-05,2.96
154500,0.24349556863307953,0.02240072935819626,0.20791277289390564,0.13182063400745392,0.005042756242411477,3.429204985760425e-05,2.97
155000,0.1772937774658203,0.01740577630698681,0.14691568911075592,0.12972304224967957,0.005269642387117658,3.420172753951899e-05,2.98
155500,0.2385910004377365,0.008369136601686478,0.21793894469738007,0.12282921373844147,0.0054263754614761895,3.411126967798638e-05,2.99
156000,0.20902913808822632,0.024442404508590698,0.17238137125968933,0.12205366790294647,0.005574754306248256,3.402067768203357e-05,3.0
156500,0.18269114196300507,0.021643370389938354,0.14798317849636078,0.13064590096473694,0.005114162074668067,3.392995296277707e-05,3.01
157000,0.22248411178588867,0.006406988482922316,0.20497795939445496,0.11099164187908173,0.005855069096599307,3.383909693340077e-05,3.02
157500,0.14328990876674652,0.007738350424915552,0.12321925908327103,0.12332303076982498,0.00512313683118139,3.3748111009133935e-05,3.03
158000,0.16737233102321625,0.018816722556948662,0.1362200528383255,0.12335556745529175,0.004961090960672924,3.3656996607229154e-05,3.04
158500,0.22381362318992615,0.02259940654039383,0.18816079199314117,0.1305341273546219,0.005521233592714582,3.356575514694024e-05,3.05
159000,0.1814204305410385,0.009698792360723019,0.15905006229877472,0.12671580910682678,0.0051350050738879615,3.3474388049500185e-05,3.06
159500,0.21321389079093933,0.019158415496349335,0.18207667768001556,0.11978811025619507,0.005222078944955554,3.338289673809895e-05,3.07
160000,0.3260609805583954,0.0050313458777964115,0.30712103843688965,0.1390860378742218,0.005187418311834335,3.329128263786134e-05,3.08
160500,0.19856931269168854,0.013007433153688908,0.1735772043466568,0.11984681338071823,0.005020492843219212,3.319954717582478e-05,3.09
161000,0.20576974749565125,0.0037792986258864403,0.1894521713256836,0.12538282573223114,0.0055109672248363495,3.310769178091714e-05,3.1
161500,0.23134508728981018,0.022016802802681923,0.1961057186126709,0.13222558796405792,0.005256844950573785,3.301571788393439e-05,3.11
162000,0.17421752214431763,0.0075800735503435135,0.15469208359718323,0.11945361644029617,0.005327523286853518,3.292362691751838e-05,3.12
162500,0.44797250628471375,0.006235289387404919,0.4287324547767639,0.13004763424396515,0.0053285738187176844,3.283142031613452e-05,3.13
163000,0.192750945687294,0.012358544394373894,0.16801615059375763,0.12376242876052856,0.005309157073497772,3.273909951604942e-05,3.14
163500,0.2126559317111969,0.020110299810767174,0.18016348779201508,0.12382153421640396,0.006110622946705137,3.264666595530848e-05,3.15
164000,0.15873531997203827,0.009598862379789352,0.13685227930545807,0.1228417232632637,0.0054500581962721685,3.255412107371358e-05,3.16
164500,0.19847936928272247,0.01605958119034767,0.16895630955696106,0.1346348375082016,0.0051371460514409205,3.246146631280057e-05,3.17
165000,0.2354985475540161,0.00811094418168068,0.21469207108020782,0.1269553005695343,0.005526274974857058,3.236870311581686e-05,3.18
165500,0.19092313945293427,0.0052369581535458565,0.17343966662883759,0.12246513366699219,0.0051876673741000036,3.227583292769891e-05,3.18
166000,0.1805340051651001,0.016389833763241768,0.15188278257846832,0.12261398136615753,0.005310797265597752,3.218285719504978e-05,3.19
166500,0.20956633985042572,0.009977460838854313,0.18713384866714478,0.12455026060342789,0.0053439342549868995,3.208977736611651e-05,3.2
167000,0.20296745002269745,0.00900040939450264,0.18186792731285095,0.12099112570285797,0.005839375512940543,3.199659489076763e-05,3.21
167500,0.16469362378120422,0.012081150896847248,0.14054425060749054,0.1206822320818901,0.005289397069386074,3.1903311220470553e-05,3.22
168000,0.1603817492723465,0.009989866055548191,0.13874118030071259,0.11650702357292175,0.005716303629534585,3.1809927808268975e-05,3.23
168500,0.17807194590568542,0.015653537586331367,0.15002454817295074,0.12393859773874283,0.005668456533125469,3.1716446108760195e-05,3.24
169000,0.20256610214710236,0.016006294637918472,0.1740836352109909,0.12476182729005814,0.005279303129230227,3.162286757807256e-05,3.25
169500,0.37336334586143494,0.016844091936945915,0.34442806243896484,0.12091199308633804,0.005996622145175934,3.152919367384265e-05,3.26
170000,0.1717430204153061,0.013944578357040882,0.14530785381793976,0.12490584701299667,0.005445238734994616,3.143542585519269e-05,3.27
170500,0.2002689689397812,0.010845811106264591,0.1763898730278015,0.1303327977657318,0.0056730663137776515,3.1341565582707753e-05,3.28
171000,0.24892595410346985,0.020064810290932655,0.21602056920528412,0.12840574979782104,0.005473968705960682,3.1247614318413035e-05,3.29
171500,0.4293377101421356,0.015416005626320839,0.40179911255836487,0.12122587859630585,0.005212867366416114,3.115357352575108e-05,3.3
172000,0.2040717750787735,0.008695216849446297,0.18313604593276978,0.12240516394376755,0.005121197551488876,3.1059444669558955e-05,3.31
172500,0.17681731283664703,0.017705511301755905,0.14655952155590057,0.12552276253700256,0.004965533635446003,3.096522921604552e-05,3.32
173000,0.14412522315979004,0.007355500943958759,0.12421275675296783,0.12556970119476318,0.0050804029617990765,3.087092863276844e-05,3.33
173500,0.2039341926574707,0.02299376390874386,0.16894297301769257,0.11997468024492264,0.005213092480387006,3.077654438861149e-05,3.34
174000,0.23309196531772614,0.018600819632411003,0.20190474390983582,0.12586399912834167,0.005327067737068448,3.0682077953761564e-05,3.35
174500,0.1754477620124817,0.008416874334216118,0.15534795820713043,0.11682921648025513,0.005183480679988861,3.058753079968582e-05,3.36
175000,0.2596701383590698,0.009090120904147625,0.2373875230550766,0.1319248080253601,0.0053392329386302406,3.049290439910873e-05,3.37
175500,0.22853194177150726,0.007348170969635248,0.2087346762418747,0.12449096143245697,0.0058645616684641156,3.0398200225989183e-05,3.38
176000,0.19366693496704102,0.012598535045981407,0.16762109100818634,0.13447321951389313,0.004989356866904667,3.030341975549747e-05,3.39
176500,0.23117610812187195,0.012967667542397976,0.20523324608802795,0.1297520250082016,0.005020897835493088,3.0208564463992365e-05,3.4
177000,0.1812862753868103,0.028666192665696144,0.13983236253261566,0.12787719070911407,0.005213454365730286,3.011363582899809e-05,3.41
177500,0.2374017983675003,0.03397589549422264,0.19061197340488434,0.12813924252986908,0.005277927432741437,3.0018635329181316e-05,3.42
178000,0.1872638314962387,0.00810581911355257,0.16625340282917023,0.12904615700244904,0.005915407091379166,2.99235644443281e-05,3.43
178500,0.23880502581596375,0.009518015198409557,0.21693727374076843,0.12349740415811539,0.005333884486130306,2.9828424655320903e-05,3.43
179000,0.19218534231185913,0.007264827378094196,0.17220944166183472,0.1271108090877533,0.005338908838374274,2.9733217444115442e-05,3.44
179500,0.22134073078632355,0.005492806900292635,0.20385059714317322,0.11997329443693161,0.005208009055682591,2.9637944293717656e-05,3.45
180000,0.1692696362733841,0.009789804928004742,0.14749857783317566,0.11981243640184402,0.005768188408442906,2.9542606688160585e-05,3.46
180500,0.23516620695590973,0.023321419954299927,0.19937676191329956,0.12468025833368301,0.0052227723811353955,2.944720611248128e-05,3.47
181000,0.16208280622959137,0.01303147990256548,0.137004092335701,0.12047234922647476,0.0056714484734194616,2.935174405269765e-05,3.48
181500,0.1897469013929367,0.01274656131863594,0.16471120715141296,0.1228913888335228,0.005425978451967239,2.9256221995785292e-05,3.49
182000,0.18284253776073456,0.01872444339096546,0.1522401124238968,0.11877986043691635,0.005775379815271923,2.9160641429654395e-05,3.5
182500,0.21008825302124023,0.022580672055482864,0.1747313290834427,0.12776249647140503,0.005087385220187051,2.9065003843126498e-05,3.51
183000,0.15353383123874664,0.006448657251894474,0.1352333128452301,0.11851856857538223,0.005288148032767432,2.8969310725911313e-05,3.52
183500,0.22813822329044342,0.01949586533010006,0.19672439992427826,0.11917959153652191,0.005438929157597678,2.887356356858357e-05,3.53
184000,0.19961872696876526,0.008954481221735477,0.17875011265277863,0.11914137005805969,0.005368288606405258,2.8777763862559742e-05,3.54
184500,0.19751819968223572,0.014732176437973976,0.17027655243873596,0.1250947266817093,0.0053488803761346,2.8681913100074814e-05,3.55
185000,0.19872628152370453,0.014906725846230984,0.17112435400485992,0.12695203721523285,0.004928897534097944,2.8586012774159088e-05,3.56
185500,0.17749793827533722,0.009527068585157394,0.1557297706604004,0.12241093814373016,0.005631282393421445,2.8490064378614866e-05,3.57
186000,0.21483111381530762,0.028853436931967735,0.17409054934978485,0.1188712939620018,0.005258100373404366,2.839406940799325e-05,3.58
186500,0.20411844551563263,0.013126572594046593,0.1787395477294922,0.12252332270145416,0.00525877411876406,2.8298029357570793e-05,3.59
187000,0.27195143699645996,0.009543267078697681,0.24987345933914185,0.12534721195697784,0.005272001560245242,2.820194572332624e-05,3.6
187500,0.3358404040336609,0.010189003311097622,0.31303611397743225,0.12615299224853516,0.005245668547494071,2.8105820001917248e-05,3.61
188000,0.16780108213424683,0.007312476169317961,0.1476527452468872,0.12835854291915894,0.004974169922726495,2.800965369065703e-05,3.62
188500,0.1828095018863678,0.015428535640239716,0.15443040430545807,0.12950561940670013,0.005133533584220069,2.791344828749105e-05,3.63
189000,0.2714940011501312,0.01504318043589592,0.24350251257419586,0.12948308885097504,0.005623064403023038,2.7817205290973702e-05,3.64
189500,0.2013290822505951,0.017085500061511993,0.1714053601026535,0.1283821016550064,0.005485341485057559,2.7720926200244957e-05,3.65
190000,0.17419196665287018,0.007463871035724878,0.15487231314182281,0.11855779588222504,0.00537481637937682,2.7624612515007002e-05,3.66
190500,0.194535493850708,0.011712689884006977,0.1702180802822113,0.12604735791683197,0.00533681469304221,2.7528265735500886e-05,3.67
191000,0.23917020857334137,0.014844847843050957,0.21185795962810516,0.12467397004365921,0.005159515355314527,2.743188736248317e-05,3.68
191500,0.15366551280021667,0.010048454627394676,0.13170623779296875,0.11910833418369293,0.0049750661211354396,2.7335478897202542e-05,3.69
192000,0.21892443299293518,0.013383565470576286,0.19287768006324768,0.12663184106349945,0.005167964845895767,2.723904184137639e-05,3.69
192500,0.19964392483234406,0.00470608938485384,0.18192337453365326,0.13014459609985352,0.005108083465269634,2.7142577697167483e-05,3.7
193000,0.16406431794166565,0.010037708096206188,0.14185830950737,0.12168309837579727,0.005238427115338189,2.70460879671605e-05,3.71
193500,0.21479134261608124,0.008036067709326744,0.19486159086227417,0.11893688887357712,0.005823233297892979,2.694957415433871e-05,3.72
194000,0.17296168208122253,0.016299936920404434,0.144795760512352,0.11865995079278946,0.005280890102897372,2.685303776206045e-05,3.73
194500,0.17323802411556244,0.018353987485170364,0.14284923672676086,0.1203479990363121,0.005031748541763851,2.6756480294035818e-05,3.74
195000,0.2587302625179291,0.009763823822140694,0.2374761998653412,0.11490242183208466,0.005187962204217911,2.6659903254303177e-05,3.75
195500,0.1908380091190338,0.013988868333399296,0.16383017599582672,0.1301897019147873,0.005230102688074112,2.6563308147205746e-05,3.76
196000,0.2131849229335785,0.024275608360767365,0.17561101913452148,0.1329829841852188,0.005747378936835698,2.6466696477368197e-05,3.77
196500,0.19698403775691986,0.02464522421360016,0.16001692414283752,0.12321885675191879,0.0060011712568146846,2.637006974967317e-05,3.78
197000,0.18597662448883057,0.020109331235289574,0.15332409739494324,0.12543196976184845,0.005257318594626018,2.627342946923786e-05,3.79
197500,0.16847549378871918,0.006838442757725716,0.14941668510437012,0.12220373004674911,0.005672545837504523,2.617677714139058e-05,3.8
198000,0.20775502920150757,0.0058946008794009686,0.18975862860679626,0.12101805210113525,0.005425277033022472,2.6080114271647288e-05,3.81
198500,0.3622642457485199,0.02679506503045559,0.32329773902893066,0.12171453982591629,0.005168408155441284,2.598344236568816e-05,3.82
199000,0.24449510872364044,0.010683059692382812,0.22191564738750458,0.1189640611410141,0.0052201902227742335,2.5886762929334108e-05,3.83
199500,0.2293011099100113,0.017615515738725662,0.1997797191143036,0.11905883252620697,0.005379864679915565,2.5790077468523362e-05,3.84
200000,0.23239926993846893,0.011563437059521675,0.2085036188364029,0.12332209199666977,0.005335589604718345,2.569338748928798e-05,3.85
200500,0.21407374739646912,0.012330688536167145,0.18880689144134521,0.12936177849769592,0.005247278937271663,2.55966944977304e-05,3.86
201000,0.189890056848526,0.01148496475070715,0.16680367290973663,0.1160142570734024,0.0054172080542360035,2.5500000000000003e-05,3.87
201500,0.3456631004810333,0.007717632222920656,0.3251838684082031,0.12761597335338593,0.005518924444913864,2.5403305502269604e-05,3.88
202000,0.16014957427978516,0.007417326793074608,0.14122799038887024,0.11504263430833817,0.005205993141446795,2.530661251071203e-05,3.89
202500,0.171587735414505,0.01317571196705103,0.1462329775094986,0.12179042398929596,0.005530341395309993,2.5209922531476638e-05,3.9
203000,0.1648411750793457,0.010311589576303959,0.1428319215774536,0.11697660386562347,0.005079510488680431,2.5113237070665895e-05,3.91
203500,0.1997661143541336,0.007581834215670824,0.18016448616981506,0.12019797414541245,0.005569863000086376,2.501655763431185e-05,3.92
204000,0.14738689363002777,0.013269946910440922,0.12253160029649734,0.11585333198308945,0.005244015050785882,2.4919885728352722e-05,3.93
204500,0.27771902084350586,0.012400629930198193,0.2518860101699829,0.13432379066944122,0.005275095679930278,2.482322285860943e-05,3.94
205000,0.19011330604553223,0.007313352543860674,0.17027238011360168,0.12527567148208618,0.004939773785216468,2.472657053076214e-05,3.94
205500,0.18500852584838867,0.01758771762251854,0.15455742180347443,0.1286337524652481,0.005361556474651609,2.4629930250326837e-05,3.95
206000,0.220176100730896,0.008699033409357071,0.19934220612049103,0.12134865671396255,0.005389188549348286,2.4533303522631813e-05,3.96
206500,0.1724114716053009,0.01255851797759533,0.14765961468219757,0.12193335592746735,0.005131236144474575,2.443669185279426e-05,3.97
207000,0.17531411349773407,0.010957382619380951,0.1523348093032837,0.1202191710472107,0.005406064646584647,2.4340096745696836e-05,3.98
207500,0.17267034947872162,0.009294463321566582,0.15179042518138885,0.11585461348295212,0.005021754120077405,2.424351970596419e-05,3.99
208000,0.17972491681575775,0.005664065945893526,0.16203227639198303,0.12028578668832779,0.005503719938652856,2.4146962237939555e-05,4.0
208500,0.14282426238059998,0.005643700249493122,0.12513549625873566,0.1204507127404213,0.005292392202786037,2.40504258456613e-05,4.01
209000,0.1677769422531128,0.010269072838127613,0.14500238001346588,0.12505485117435455,0.005227874432291303,2.3953912032839502e-05,4.02
209500,0.18050582706928253,0.00372513965703547,0.16550400853157043,0.11276678740978241,0.005049197801521846,2.385742230283253e-05,4.03
210000,0.16909904778003693,0.024512488394975662,0.13249091804027557,0.12095644325017929,0.005015478602477482,2.376095815862361e-05,4.04
210500,0.17392779886722565,0.020779352635145187,0.1408912092447281,0.1225723922252655,0.005404903420380184,2.366452110279746e-05,4.05
211000,0.2135148048400879,0.0021147127263247967,0.19925238192081451,0.1214771643280983,0.00502179137298039,2.356811263751683e-05,4.06
211500,0.16122402250766754,0.008665941655635834,0.1413227617740631,0.11235304921865463,0.005162842571735382,2.347173426449912e-05,4.07
212000,0.18883126974105835,0.017699655145406723,0.15870046615600586,0.12431148439645767,0.005144483276775905,2.337538748499301e-05,4.08
212500,0.17155522108078003,0.006347647402435541,0.15231499075889587,0.12892596423625946,0.00507348296897752,2.327907379975505e-05,4.09
213000,0.20666375756263733,0.012360373511910439,0.1821461021900177,0.12157271802425385,0.005370749958923885,2.31827947090263e-05,4.1
213500,0.17939050495624542,0.008404793217778206,0.15928736329078674,0.11698351055383682,0.004914138466119766,2.308655171250896e-05,4.11
214000,0.3440219461917877,0.020445700734853745,0.31043583154678345,0.13140417635440826,0.005007359066179821,2.299034630934298e-05,4.12
214500,0.2505570948123932,0.01857595704495907,0.21944110095500946,0.1254003643989563,0.005102717450686863,2.289417999808276e-05,4.13
215000,0.19894073903560638,0.007328591775149107,0.17951174080371857,0.12100410461425781,0.0053341857024601525,2.279805427667376e-05,4.14
215500,0.15627507865428925,0.010330582037568092,0.13348092138767242,0.12463574856519699,0.004951334425381252,2.2701970642429217e-05,4.15
216000,0.1811596006155014,0.004782452248036861,0.1641380339860916,0.12239111959934235,0.005096302500792912,2.260593059200676e-05,4.16
216500,0.20220023393630981,0.018962085247039795,0.1708308607339859,0.12407293170690536,0.005276711391551154,2.250993562138514e-05,4.17
217000,0.33430981636047363,0.01855599880218506,0.3038647174835205,0.11889109760522842,0.005249771156481334,2.2413987225840926e-05,4.18
217500,0.2468191236257553,0.04742681235074997,0.18785691261291504,0.11535393446683884,0.005385528185537883,2.231808689992519e-05,4.19
218000,0.1655779629945755,0.009332120418548584,0.14393560588359833,0.12310241162776947,0.005197229129927499,2.2222236137440268e-05,4.19
218500,0.17991788685321808,0.004694831091910601,0.16306160390377045,0.121614471077919,0.005465424486568996,2.2126436431416432e-05,4.2
219000,0.20724603533744812,0.02137722447514534,0.1740102916955948,0.11858527362346649,0.0050581102924687526,2.2030689274088693e-05,4.21
219500,0.17571911215782166,0.005961574148386717,0.15837860107421875,0.11378944665193558,0.005075123693261828,2.193499615687352e-05,4.22
220000,0.24122902750968933,0.006917723920196295,0.22309429943561554,0.11216993629932404,0.005163054913282394,2.1839358570345608e-05,4.23
220500,0.1968882977962494,0.021520599722862244,0.16253285109996796,0.1283484399318695,0.005280168460948127,2.1743778004214707e-05,4.24
221000,0.18661493062973022,0.012126315385103226,0.16213691234588623,0.12351702153682709,0.005135635180132729,2.164825594730236e-05,4.25
221500,0.2766392230987549,0.011567976325750351,0.2527484893798828,0.12322751432657242,0.005209134093352726,2.1552793887518726e-05,4.26
222000,0.1342294067144394,0.007219008170068264,0.11472369730472565,0.12286706268787384,0.005101364638124194,2.145739331183942e-05,4.27
222500,0.1411171853542328,0.010778006166219711,0.11846167594194412,0.11877504736185074,0.004975573292800358,2.1362055706282353e-05,4.28
223000,0.22057494521141052,0.007311629131436348,0.2010996788740158,0.12163641303777695,0.005087958382708686,2.1266782555884564e-05,4.29
223500,0.15717998147010803,0.003761931089684367,0.1409894973039627,0.12428558617830276,0.005326166216816221,2.11715753446791e-05,4.3
224000,0.15990738570690155,0.002590510528534651,0.14524409174919128,0.12072781473398209,0.004860300570726395,2.1076435555671902e-05,4.31
224500,0.16823334991931915,0.020982826128602028,0.13583187758922577,0.1141863465309143,0.004988771996327809,2.09813646708187e-05,4.32
225000,0.15135173499584198,0.008610718883574009,0.13047297298908234,0.12268040329217911,0.005849723837205342,2.088636417100191e-05,4.33
225500,0.15691795945167542,0.0069475313648581505,0.13832034170627594,0.1165008544921875,0.005587519811732429,2.0791435536007638e-05,4.34
226000,0.15109729766845703,0.00885561853647232,0.1304188221693039,0.11822851747274399,0.00511392205953598,2.0696580244502538e-05,4.35
226500,0.1702575385570526,0.01166797336190939,0.1458139270544052,0.1277565211057663,0.005340558077607836,2.0601799774010834e-05,4.36
227000,0.16096071898937225,0.014345267787575722,0.13522334396839142,0.11392099410295486,0.005301611231906074,2.0507095600891277e-05,4.37
227500,0.17617201805114746,0.005227759480476379,0.15863275527954102,0.12311497330665588,0.005382356366940907,2.041246920031418e-05,4.38
228000,0.21151509881019592,0.0038755349814891815,0.19527283310890198,0.12366730719804764,0.005101260329995837,2.0317922046238435e-05,4.39
228500,0.17482484877109528,0.004905315116047859,0.1580003947019577,0.11919139325618744,0.005071870450462613,2.0223455611388514e-05,4.4
229000,0.168776735663414,0.002292791847139597,0.1550578624010086,0.11426078528165817,0.005121849477291107,2.0129071367231565e-05,4.41
229500,0.13865526020526886,0.0032058563083410263,0.12373433262109756,0.11715071648359299,0.005138470126049859,2.00347707839545e-05,4.42
230000,0.18883457779884338,0.03167785704135895,0.1449326127767563,0.1222410574555397,0.005440412887505123,1.9940555330441038e-05,4.43
230500,0.14061711728572845,0.008810806088149548,0.12064419686794281,0.1116211786866188,0.004987413329737527,1.9846426474248927e-05,4.44
231000,0.1593332290649414,0.012247529812157154,0.1349397897720337,0.12145902216434479,0.005497353417532784,1.975238568158697e-05,4.45
231500,0.1565125435590744,0.005096225533634424,0.1393037736415863,0.12112537026405334,0.0050060371203081945,1.9658434417292253e-05,4.45
232000,0.17690837383270264,0.0050501395016908646,0.16022206842899323,0.11636174470186234,0.005698072590998241,1.9564574144807317e-05,4.46
232500,0.29929786920547485,0.003932485356926918,0.2834731936454773,0.11892209947109222,0.0054362208715506965,1.947080632615735e-05,4.47
233000,0.1369166225194931,0.005298475734889507,0.11974379420280457,0.11874352395534515,0.0059000227068151745,1.937713242192745e-05,4.48
233500,0.19655103981494904,0.004168860614299774,0.18052569031715393,0.11856475472450256,0.005035392940044403,1.9283553891239804e-05,4.49
234000,0.1913687288761139,0.00983670074492693,0.16888056695461273,0.12651456892490387,0.00502037416611399,1.919007219173104e-05,4.5
234500,0.21342265605926514,0.008378365077078342,0.19270667433738708,0.12337617576122284,0.005263252982071468,1.9096688779529453e-05,4.51
235000,0.17472264170646667,0.00987569522112608,0.15230058133602142,0.12546367943286896,0.0052097828260489875,1.900340510923237e-05,4.52
235500,0.16614942252635956,0.00954734068363905,0.14465837180614471,0.11943712830543518,0.005253220243113381,1.8910222633883497e-05,4.53
236000,0.14249756932258606,0.005224819295108318,0.1258794665336609,0.11393283307552338,0.005028926368270602,1.8817142804950224e-05,4.54
236500,0.18356522917747498,0.009981540031731129,0.16144728660583496,0.12136395275592804,0.00557085605604308,1.8724167072301095e-05,4.55
237000,0.14893114566802979,0.00401605200022459,0.13282155990600586,0.1209353432059288,0.005158470677477973,1.8631296884183153e-05,4.56
237500,0.2791307866573334,0.007066434249281883,0.25970521569252014,0.12359128892421722,0.0056228893143790105,1.8538533687199435e-05,4.57
238000,0.17110994458198547,0.01015008520334959,0.14866921305656433,0.1229063868522644,0.00541001558303833,1.8445878926286424e-05,4.58
238500,0.13726137578487396,0.009868861176073551,0.11626426875591278,0.11128244549036026,0.005439526800598417,1.8353334044691524e-05,4.59
239000,0.191676527261734,0.003180831205099821,0.17581498622894287,0.12680713832378387,0.004985216472830091,1.826090048395059e-05,4.6
239500,0.3097784221172333,0.015490631572902203,0.28238150477409363,0.11906309425830841,0.004962383104222161,1.8168579683865484e-05,4.61
240000,0.11604676395654678,0.0027924857567995787,0.10196126252412796,0.11293017119169235,0.00509021058678627,1.8076373082481617e-05,4.62
240500,0.15834899246692657,0.00891378615051508,0.13740193843841553,0.12033264338970184,0.005319476127624512,1.7984282116065615e-05,4.63
241000,0.18868272006511688,0.005965152755379677,0.17142146825790405,0.11296098679304123,0.004719477146863937,1.7892308219082866e-05,4.64
241500,0.14507190883159637,0.0036929971538484097,0.12931588292121887,0.12063031643629074,0.005064300128391811,1.7800452824175216e-05,4.65
242000,0.18110305070877075,0.00772906094789505,0.16168785095214844,0.11686139553785324,0.0053512826561927795,1.7708717362138666e-05,4.66
242500,0.14971311390399933,0.006683338433504105,0.13079264760017395,0.12237126380205154,0.005239365888493401,1.7617103261901052e-05,4.67
243000,0.18512611091136932,0.007526583969593048,0.16531310975551605,0.12286414206027985,0.00521763094833919,1.7525611950499815e-05,4.68
243500,0.15346360206604004,0.005939751863479614,0.13564515113830566,0.11878702044487,0.004986375570297241,1.743424485305976e-05,4.69
244000,0.30433470010757446,0.008742761798202991,0.2838957905769348,0.11696146428585052,0.0051824407918112615,1.734300339277086e-05,4.7
244500,0.17511890828609467,0.005357494577765465,0.15833233296871185,0.11429079622030258,0.005108154245785305,1.7251888990866074e-05,4.7
245000,0.21593695878982544,0.008540676906704903,0.1955343782901764,0.11861900240182877,0.004975979349442891,1.7160903066599235e-05,4.71
245500,0.16700860857963562,0.0060458434745669365,0.1489003300666809,0.12062431871891022,0.005032446767602648,1.7070047037222937e-05,4.72
246000,0.21005189418792725,0.004523273557424545,0.19362115859985352,0.1190745085477829,0.0050492169601576665,1.6979322317966433e-05,4.73
246500,0.3129325211048126,0.004887921269983053,0.29611819982528687,0.11926407366991043,0.004987792777163642,1.6888730322013617e-05,4.74
247000,0.19135910272598267,0.009533463045954704,0.16939014196395874,0.12435489147901535,0.005466670330081668,1.6798272460481007e-05,4.75
247500,0.169255793094635,0.007622366771101952,0.14980624616146088,0.11827190220355988,0.005298497421400887,1.6707950142395752e-05,4.76
248000,0.16561517119407654,0.007232235744595528,0.14673861861228943,0.11644323915243149,0.0050208525998251775,1.66177647746737e-05,4.77
248500,0.17482216656208038,0.014450406655669212,0.14881667494773865,0.11555089801549911,0.005580299134765353,1.652771776209748e-05,4.78
249000,0.22916419804096222,0.004519515670835972,0.21277953684329987,0.11865144968032837,0.005229005323989051,1.643781050729461e-05,4.79
249500,0.14934223890304565,0.010192017070949078,0.12781226634979248,0.11337951570749283,0.005136879959276744,1.6348044410715645e-05,4.8
250000,0.11856705695390701,0.003900165669620037,0.10372240841388702,0.10944486409425735,0.00539731713277953,1.6258420870612388e-05,4.81
250500,0.20260289311408997,0.0035284070763736963,0.1877702921628952,0.1130419671535492,0.005306113511323929,1.6168941283016102e-05,4.82
251000,0.14764505624771118,0.004393917508423328,0.13139021396636963,0.11860914528369904,0.0050949278686727795,1.6079607041715743e-05,4.83
251500,0.22053281962871552,0.019340213388204575,0.1893521398305893,0.11840466409921646,0.004990394626344953,1.5990419538236255e-05,4.84
252000,0.234934002161026,0.0055985222570598125,0.21696165204048157,0.1237383633852005,0.00494548465524401,1.590138016181692e-05,4.85
252500,0.13042259216308594,0.0034132199361920357,0.1155979260802269,0.11411441117525101,0.0054599254259041375,1.5812490299389708e-05,4.86
253000,0.2223370373249054,0.010552640073001385,0.19960933923721313,0.121750608086586,0.005284932042871203,1.5723751335557648e-05,4.87
253500,0.22233541309833527,0.023028841242194176,0.18608063459396362,0.13225947320461273,0.004961803023304258,1.5635164652573296e-05,4.88
254000,0.1946200728416443,0.01285865344107151,0.16888552904129028,0.12875883281230927,0.0050938720149653295,1.5546731630317175e-05,4.89
254500,0.17466510832309723,0.021291062235832214,0.14132274687290192,0.12051305174827576,0.005049798105444227,1.5458453646276295e-05,4.9
255000,0.13556845486164093,0.007627391256392002,0.11685876548290253,0.11082303524017334,0.004921941352742059,1.5370332075522716e-05,4.91
255500,0.1628904491662979,0.0036937592085450888,0.1471332460641861,0.12063439935445786,0.005073244018214089,1.5282368290692086e-05,4.92
256000,0.203794926404953,0.005886694882065058,0.18503215909004211,0.12876076996326447,0.005166106990405491,1.5194563661962293e-05,4.93
256500,0.17501243948936462,0.005587999243289232,0.15812453627586365,0.1129990741610527,0.005012876221111843,1.5106919557032098e-05,4.94
257000,0.17859238386154175,0.013945914804935455,0.1521017849445343,0.12544696033000946,0.0050131870167596,1.5019437341099865e-05,4.95
257500,0.18149366974830627,0.0062341890297830105,0.16351556777954102,0.11743924766778946,0.005214233483586993,1.4932118376842275e-05,4.96
258000,0.17758196592330933,0.012854475528001785,0.15260924398899078,0.12118253111839294,0.0050390852349145076,1.4844964024393074e-05,4.96
258500,0.22258630394935608,0.015786966308951378,0.19481031596660614,0.11989027261734009,0.004767287522554398,1.4757975641321953e-05,4.97
259000,0.1522860825061798,0.0018152697011828423,0.13953723013401031,0.1093357726931572,0.005058605756078448,1.4671154582613317e-05,4.98
259500,0.1604640781879425,0.0029119732789695263,0.1458199918270111,0.11732114106416702,0.005105619451829365,1.458450220064526e-05,4.99
260000,0.2571648061275482,0.02198582887649536,0.22281032800674438,0.12368636578321457,0.004982492221253259,1.4498019845168456e-05,5.0
260500,0.1582791954278946,0.007388327270746231,0.13894858956336975,0.1194228008389473,0.005082224628755024,1.441170886328514e-05,5.01
261000,0.23764345049858093,0.01127477828413248,0.21532408893108368,0.1104457899928093,0.005196994968823024,1.4325570599428109e-05,5.02
261500,0.1706542670726776,0.0011417032219469547,0.15744945406913757,0.12063116580247879,0.004979649824755532,1.4239606395339836e-05,5.03
262000,0.15770766139030457,0.006276410538703203,0.1396750509738922,0.11756189912557602,0.005710818937846592,1.4153817590051482e-05,5.04
262500,0.16740594804286957,0.008659309707581997,0.14732708036899567,0.11419563740491867,0.005051755479403904,1.4068205519862135e-05,5.05
263000,0.174875408411026,0.0021489716600626707,0.16083012521266937,0.11896314471960068,0.005123704671859741,1.3982771518317933e-05,5.06
263500,0.1497223973274231,0.00728181004524231,0.13156160712242126,0.10878981649875641,0.004845621862581798,1.3897516916191289e-05,5.07
264000,0.21204687654972076,0.004982486832886934,0.19511684775352478,0.11947541683912277,0.004989241915089744,1.3812443041460216e-05,5.08
264500,0.19706755876541138,0.0050567337311804295,0.18052613735198975,0.11484678834676743,0.005177282861300877,1.3727551219287555e-05,5.09
265000,0.16272439062595367,0.0110428836196661,0.13977478444576263,0.11906726658344269,0.00512868059532983,1.3642842772000452e-05,5.1
265500,0.20282188057899475,0.0065386476926505566,0.18443158268928528,0.11851658672094345,0.0053233738456453595,1.3558319019069638e-05,5.11
266000,0.15754961967468262,0.008332505822181702,0.13777413964271545,0.11442971974611282,0.005153617688587734,1.3473981277088956e-05,5.12
266500,0.18348956108093262,0.0029695206321775913,0.16866949200630188,0.11850545555353165,0.005349261952298028,1.3389830859754819e-05,5.13
267000,0.18650712072849274,0.00744281243532896,0.16747383773326874,0.11590462177991867,0.004949626645871571,1.3305869077845764e-05,5.14
267500,0.1894126683473587,0.011153733357787132,0.16581499576568604,0.12443944066762924,0.005061261888061251,1.3222097239202028e-05,5.15
268000,0.19846965372562408,0.004560056608170271,0.1821293979883194,0.11780200153589249,0.004812764802149364,1.3138516648705155e-05,5.16
268500,0.15804213285446167,0.003425024216994643,0.14319676160812378,0.11420351266860962,0.004902802939925875,1.3055128608257722e-05,5.17
269000,0.1294805258512497,0.006832579616457224,0.11129119992256165,0.11356750130653381,0.004852245428732463,1.2971934416763002e-05,5.18
269500,0.14734701812267303,0.002624687273055315,0.13262978196144104,0.1209254041314125,0.005077517990555082,1.2888935370104768e-05,5.19
270000,0.1610441654920578,0.00776161951944232,0.1417233645915985,0.11559195071458817,0.0050096937588283,1.2806132761127101e-05,5.2
270500,0.15164373815059662,0.004163965117186308,0.13582217693328857,0.11657598614692688,0.005111625684159142,1.2723527879614252e-05,5.21
271000,0.16541843116283417,0.005452033597975969,0.14847126603126526,0.1149512454867363,0.005573699516909463,1.2641122012270526e-05,5.21
271500,0.17224976420402527,0.006367490626871586,0.15406113862991333,0.11821138858795166,0.005141650459596089,1.2558916442700289e-05,5.22
272000,0.27441269159317017,0.01774049736559391,0.24404409527778625,0.12628117203712463,0.005084418292556491,1.2476912451387917e-05,5.23
272500,0.202956423163414,0.010010547004640102,0.1800657957792282,0.12880092859268188,0.005538662629468101,1.23951113156779e-05,5.24
273000,0.19462086260318756,0.0037942759227007627,0.17905710637569427,0.11769472807645798,0.005041756800242833,1.2313514309754936e-05,5.25
273500,0.1478399783372879,0.004945310764014721,0.13111476600170135,0.11779899150133133,0.005184030958584377,1.2232122704624026e-05,5.26
274000,0.18561623990535736,0.007373827509582043,0.1666366159915924,0.11605799198150635,0.005351709468024117,1.2150937768090781e-05,5.27
274500,0.173765167593956,0.010676546953618526,0.15139654278755188,0.1169208213686943,0.005197759185518537,1.2069960764741552e-05,5.28
275000,0.1780025213956833,0.014080065302550793,0.15169118344783783,0.12231282144784927,0.004782846463578088,1.1989192955923868e-05,5.29
275500,0.15271109342575073,0.006629997864365578,0.13433976471424103,0.11741327494382858,0.005277478801352637,1.1908635599726647e-05,5.3
276000,0.1394485980272293,0.0038888403214514256,0.12346800416707993,0.12091760337352753,0.005030307386602674,1.1828289950960718e-05,5.31
276500,0.12331731617450714,0.007858376950025558,0.10443822294473648,0.1102072075009346,0.005026703434331077,1.1748157261139188e-05,5.32
277000,0.1506555676460266,0.017645420506596565,0.12136229127645493,0.11647845059633255,0.0049047283828258514,1.1668238778458004e-05,5.33
277500,0.17783690989017487,0.003613776294514537,0.16217637062072754,0.12046770751476288,0.005196665546723774,1.1588535747776503e-05,5.34
278000,0.1865551620721817,0.00527272280305624,0.1688852608203888,0.12397191673517227,0.005018433822052819,1.150904941059798e-05,5.35
278500,0.1859259307384491,0.009420530870556831,0.16462735831737518,0.11878039687871933,0.0051099759127412525,1.1429781005050402e-05,5.36
279000,0.1679500788450241,0.015942439436912537,0.141177237033844,0.10830406099557877,0.0052554841552461895,1.1350731765867083e-05,5.37
279500,0.15756797790527344,0.013093511573970318,0.13260094821453094,0.1187351867556572,0.005014171557767051,1.1271902924367477e-05,5.38
280000,0.18390077352523804,0.007669983897358179,0.16458123922348022,0.11649549007415771,0.005481151065656117,1.1193295708437994e-05,5.39
280500,0.181424081325531,0.00807345099747181,0.16137813031673431,0.11972509324550629,0.005193333540643964,1.1114911342512867e-05,5.4
281000,0.16267891228199005,0.0029190327040851116,0.14841265976428986,0.11347213387489319,0.005184308758803776,1.1036751047555056e-05,5.41
281500,0.16794991493225098,0.005354032851755619,0.15033939480781555,0.12256495654582977,0.004899627928222928,1.0958816041037287e-05,5.42
282000,0.21637088060379028,0.0055144792422652245,0.1996128261089325,0.11243577301502228,0.0049900902169091365,1.088110753692303e-05,5.43
282500,0.1986932009458542,0.007580591365695,0.1782452017068863,0.12867411971092224,0.00508848311645644,1.0803626745647632e-05,5.44
283000,0.1918099820613861,0.0058170161210000515,0.1738836169242859,0.12109360098838806,0.004972641489335469,1.0726374874099446e-05,5.45
283500,0.20907844603061676,0.006433956790715456,0.1911935806274414,0.11450894922018051,0.005147650305713926,1.064935312560101e-05,5.46
284000,0.1731109321117401,0.017526065930724144,0.14323833584785461,0.12346535176038742,0.005231851977961404,1.0572562699890347e-05,5.47
284500,0.20433133840560913,0.017702249810099602,0.17425021529197693,0.12378864735364914,0.005227986191000257,1.0496004793102227e-05,5.47
285000,0.13191920518875122,0.011018257588148117,0.10971855372190475,0.1118239015340805,0.005125084093638829,1.0419680597749612e-05,5.48
285500,0.19090721011161804,0.0026158858090639114,0.1766800433397293,0.11611282080411911,0.005022470440183367,1.034359130270497e-05,5.49
286000,0.17175696790218353,0.017169075086712837,0.14270858466625214,0.11879316717386246,0.004906025316034045,1.0267738093181872e-05,5.5
286500,0.16458170115947723,0.004335619509220123,0.14862069487571716,0.11625389009714127,0.005118628697735923,1.0192122150716428e-05,5.51
287000,0.17644144594669342,0.0035385391674935818,0.16101178526878357,0.11891129612922668,0.004883049854210445,1.0116744653148969e-05,5.52
287500,0.1402875781059265,0.006687984336167574,0.12161703407764435,0.11982567608356476,0.005133531455482755,1.0041606774605647e-05,5.53
288000,0.16292236745357513,0.005503596272319555,0.14608187973499298,0.11336896568536758,0.004920719989708492,9.966709685480153e-06,5.54
288500,0.219251349568367,0.0026979229878634214,0.20484715700149536,0.11706259101629257,0.00512724369764328,9.892054552415514e-06,5.55
289000,0.1824243664741516,0.00926287192851305,0.16172641515731812,0.11435072869062424,0.00497793619121824,9.817642538285876e-06,5.56
289500,0.16113334894180298,0.0023251872044056654,0.14730030298233032,0.11507846415042877,0.005309030945811953,9.743474802178436e-06,5.57
290000,0.15436290204524994,0.002537317108362913,0.1399451643228531,0.11880426108837128,0.004920310739959989,9.669552499375357e-06,5.58
290500,0.1542046070098877,0.002670379588380456,0.14061778783798218,0.10916437208652496,0.00488112387912614,9.595876781335796e-06,5.59
291000,0.13681864738464355,0.004076868295669556,0.12056811153888702,0.12173665314912796,0.005209477352244514,9.522448795677928e-06,5.6
291500,0.15836913883686066,0.004838437773287296,0.14212289452552795,0.11407805234193802,0.005185960126774651,9.449269686161122e-06,5.61
292000,0.14950908720493317,0.003496364923194051,0.13488136231899261,0.11131361126899719,0.004874019750526973,9.376340592668079e-06,5.62
292500,0.16138708591461182,0.0015334307681769133,0.1477276235818863,0.12126025557518005,0.004900798733745303,9.30366265118711e-06,5.63
293000,0.1507711410522461,0.011548393405973911,0.12750780582427979,0.11714935302734375,0.00522714906505176,9.231236993794439e-06,5.64
293500,0.21547344326972961,0.007618398871272802,0.19525271654129028,0.12602335214614868,0.005144770656313215,9.159064748636523e-06,5.65
294000,0.18771451711654663,0.004330925643444061,0.17178873717784882,0.11594869196414948,0.004967426615101951,9.087147039912553e-06,5.66
294500,0.14415663480758667,0.006166116334497929,0.12658213078975677,0.11408387124538422,0.005072607525757381,9.015484987856865e-06,5.67
295000,0.1667376458644867,0.006388379726558924,0.14865067601203918,0.11698585003614426,0.005324291331427438,8.944079708721587e-06,5.68
295500,0.15354973077774048,0.004300293046981096,0.13763298094272614,0.11616460233926773,0.005129468760320118,8.87293231475913e-06,5.69
296000,0.21928751468658447,0.005493169650435448,0.20194989442825317,0.11844461411237717,0.00508502870798111,8.802043914204976e-06,5.7
296500,0.13410450518131256,0.003390491707250476,0.1190469041466713,0.1166711300611496,0.005010128553424563,8.731415611260329e-06,5.71
297000,0.1561511904001236,0.002466005040332675,0.14249826967716217,0.11186917126178741,0.0051163796867643085,8.661048506074983e-06,5.72
297500,0.21186229586601257,0.007264445535838604,0.19335374236106873,0.1124410480260849,0.005266765398638589,8.59094369473015e-06,5.72
298000,0.20646998286247253,0.023725418373942375,0.17020097374916077,0.1254359483718872,0.005056500967059817,8.521102269221371e-06,5.73
298500,0.1795228272676468,0.005255161784589291,0.1625121533870697,0.11755509674549103,0.0050501881965569085,8.451525317441559e-06,5.74
299000,0.16219112277030945,0.010491426102817059,0.13931579887866974,0.1238388791680336,0.005149279321943011,8.382213923163992e-06,5.75
299500,0.12217941880226135,0.0010035488521680236,0.1100841760635376,0.11091695725917816,0.005321680435112545,8.31316916602548e-06,5.76
300000,0.14127470552921295,0.010357258841395378,0.12005181610584259,0.10865630209445953,0.004991770322833743,8.24439212150953e-06,5.77
300500,0.14301174879074097,0.004649586044251919,0.12665550410747528,0.11706666648387909,0.005014494061470032,8.175883860929588e-06,5.78
301000,0.14718183875083923,0.009626956656575203,0.12613250315189362,0.11422385275363922,0.004973778235060828,8.10764545141235e-06,5.79
301500,0.17607037723064423,0.004556348547339439,0.15939560532569885,0.12118428945541382,0.004928196647337505,8.03967795588115e-06,5.8
302000,0.17200370132923126,0.0036740745417773724,0.1565842181444168,0.11745406687259674,0.005034804344177246,7.971982433039406e-06,5.81
302500,0.1404334008693695,0.007781507913023233,0.12162406742572784,0.11027826368808746,0.005177631974220276,7.904559937354115e-06,5.82
303000,0.21024836599826813,0.0056913685984909534,0.19250981509685516,0.12047187983989716,0.005043318229062217,7.837411519039453e-06,5.83
303500,0.20241369307041168,0.003945214208215475,0.18682825565338135,0.11640223115682602,0.0049146850194249836,7.770538224040364e-06,5.84
304000,0.17128469049930573,0.003543538972735405,0.15670107305049896,0.1104007437825203,0.004968946533543723,7.703941094016342e-06,5.85
304500,0.12684699892997742,0.004030066076666117,0.11142690479755402,0.11390037089586258,0.005364272743463516,7.637621166325128e-06,5.86
305000,0.1314782202243805,0.004214247688651085,0.11573050916194916,0.11533454805612564,0.005113254168203899,7.571579474006621e-06,5.87
305500,0.11940652132034302,0.001383156981319189,0.10730133950710297,0.10722027719020844,0.005179859165634427,7.505817045766741e-06,5.88
306000,0.25486114621162415,0.006959912832826376,0.23659496009349823,0.11306257545948029,0.0050815386431557795,7.4403349059614184e-06,5.89
306500,0.1789325326681137,0.004335717763751745,0.16249212622642517,0.12104696780443192,0.005220717085259301,7.375134074580646e-06,5.9
307000,0.14162041246891022,0.0034209825098514557,0.12663109600543976,0.11568344384431839,0.004996532308203834,7.3102155672325615e-06,5.91
307500,0.21289262175559998,0.00965158548206091,0.19058828055858612,0.1265275627374649,0.0048754603735038215,7.245580395127696e-06,5.92
308000,0.14157161116600037,0.008747008629143238,0.12104460597038269,0.11780000478029251,0.004978501903159278,7.181229565063129e-06,5.93
308500,0.1647973358631134,0.005575368646532297,0.1476459950208664,0.11575973778963089,0.005307350307703018,7.117164079406885e-06,5.94
309000,0.1819116324186325,0.006557448301464319,0.1634037047624588,0.11950475722551346,0.005063552409410477,7.053384936082265e-06,5.95
309500,0.13414737582206726,0.0016772209201008081,0.1210106909275055,0.11459462344646454,0.004947546869516373,6.989893128552347e-06,5.96
310000,0.1426551192998886,0.0075821951031684875,0.12403567135334015,0.11037252098321915,0.004920005266155515,6.926689645804489e-06,5.97
310500,0.18403217196464539,0.012225259095430374,0.16031132638454437,0.1149558275938034,0.005005055240222386,6.863775472334906e-06,5.97
311000,0.14343787729740143,0.002210186328738928,0.13007834553718567,0.11149349808692932,0.004762962992702212,6.801151588133377e-06,5.98
311500,0.1419215053319931,0.005308108404278755,0.1253199428319931,0.11293455958366394,0.005175195634365082,6.738818968667935e-06,5.99
312000,0.1622687578201294,0.004026145674288273,0.1470944881439209,0.11148127913475037,0.004931299814156124,6.676778584869718e-06,6.0
312500,0.18500307202339172,0.004366419743746519,0.16878360509872437,0.11853054910898209,0.005191541143826076,6.615031403117805e-06,6.01
313000,0.18945623934268951,0.002141200937330723,0.1760430932044983,0.11271944642066956,0.005163452454975673,6.553578385224196e-06,6.02
313500,0.31027376651763916,0.004681786056607962,0.2935803532600403,0.1201162189245224,0.0052312032452651435,6.492420488418789e-06,6.03
314000,0.22124996781349182,0.0027294675819575787,0.20693950355052948,0.11581007391214371,0.0050357138471943995,6.431558665334522e-06,6.04
314500,0.14992977678775787,0.007210839539766312,0.13142311573028564,0.11295825242996216,0.005195546895265579,6.370993863992482e-06,6.05
315000,0.1450394093990326,0.008459560573101044,0.1253553181886673,0.11224538832902908,0.004894239561898368,6.3107270277871844e-06,6.06
315500,0.12748779356479645,0.0058931950479745865,0.11086253076791763,0.10732069611549377,0.0050511690122740606,6.250759095471856e-06,6.07
316000,0.20348401367664337,0.003003503195941448,0.18848654627799988,0.11993963271379471,0.005085867430482592,6.1910910011437895e-06,6.08
316500,0.16483481228351593,0.004359366837888956,0.1486176699399948,0.11857783049345016,0.005328986793756485,6.1317236742298485e-06,6.09
317000,0.15963247418403625,0.006871230900287628,0.14122119545936584,0.11540061235427856,0.0051854002688612255,6.072658039471922e-06,6.1
317500,0.1424868106842041,0.011264634318649769,0.1196226105093956,0.11599575728178024,0.00535544433764049,6.0138950169126075e-06,6.11
318000,0.13937969505786896,0.009216048754751682,0.11893551796674728,0.11228132992982864,0.005099273153713771,5.955435521880777e-06,6.12
318500,0.16792236268520355,0.008348789997398853,0.1482423096895218,0.11331254988908768,0.005202085311923709,5.897280464977409e-06,6.13
319000,0.13367126882076263,0.0036722749937325716,0.11877565830945969,0.11223332583904266,0.005177967782531466,5.839430752061342e-06,6.14
319500,0.1156047135591507,0.00248770066536963,0.10316435992717743,0.09952645748853683,0.005001176680837359,5.781887284235202e-06,6.15
320000,0.16076555848121643,0.01563052460551262,0.1343039870262146,0.10831040143966675,0.004962451756000519,5.724650957831362e-06,6.16
320500,0.190505713224411,0.0029531894251704216,0.17589682340621948,0.11655702441930771,0.005010468087026051,5.667722664397948e-06,6.17
321000,0.15861064195632935,0.00460556847974658,0.14297136664390564,0.11033716797828674,0.0050048498170716426,5.6111032906849975e-06,6.18
321500,0.13583819568157196,0.010696642100811005,0.11428330093622208,0.10858248174190521,0.005335507648331779,5.554793718630603e-06,6.19
322000,0.1581968367099762,0.006343560293316841,0.1401921659708023,0.116611048579216,0.005246717482805252,5.4987948253472225e-06,6.2
322500,0.1938992440700531,0.006808924488723278,0.17491954565048218,0.12170771509408951,0.005002504480736596,5.44310748310797e-06,6.21
323000,0.14810048043727875,0.008952677249908447,0.12775634229183197,0.11391458660364151,0.005005960485764912,5.38773255933307e-06,6.22
323500,0.1744394749403,0.004738307558000088,0.1581612229347229,0.11539947241544724,0.005041394914899554,5.332670916576295e-06,6.23
324000,0.13896483182907104,0.004293554928153753,0.12329012900590897,0.11381156742572784,0.004945889647517886,5.277923412511587e-06,6.23
324500,0.12954407930374146,0.010651574470102787,0.10750412940979004,0.11388371139764786,0.005278500063078744,5.223490899919656e-06,6.24
325000,0.18717963993549347,0.004910935647785664,0.1705993115901947,0.11669404059648514,0.005034268966742924,5.169374226674718e-06,6.25
325500,0.1890893131494522,0.003338257083669305,0.1744365692138672,0.11314478516578674,0.005195140306438718,5.115574235731288e-06,6.26
326000,0.17114867269992828,0.019040212035179138,0.14058354496955872,0.1152491346001625,0.005091623003993716,5.062091765111022e-06,6.27
326500,0.16032332181930542,0.003679439192637801,0.14502878487110138,0.11615102738142014,0.004937670060566494,5.0089276478897146e-06,6.28
327000,0.15768057107925415,0.010587816126644611,0.13606242835521698,0.11030331254005432,0.005065711481230599,4.956082712184252e-06,6.29
327500,0.1663375198841095,0.008334942162036896,0.14677856862545013,0.11224003881216049,0.005119139062506812,4.903557781139806e-06,6.3
328000,0.16870778799057007,0.0027512223459780216,0.15410326421260834,0.11853304505348206,0.004979029297828674,4.85135367291691e-06,6.31
328500,0.1523532271385193,0.004065194632858038,0.13733461499214172,0.10953415185213089,0.005260584077664784,4.799471200678799e-06,6.32
329000,0.23003816604614258,0.008231161162257195,0.21024280786514282,0.11564195156097412,0.004951734095811844,4.747911172578679e-06,6.33
329500,0.16246047616004944,0.0012960686581209302,0.14964304864406586,0.11521361768245697,0.005299299423183713,4.696674391747195e-06,6.34
330000,0.175134539604187,0.0035195250529795885,0.15992705523967743,0.11687957495450974,0.005247614745582853,4.645761656279883e-06,6.35
330500,0.1352180391550064,0.003852712456136942,0.11999762803316116,0.1136770248413086,0.0052150509187153405,4.5951737592247465e-06,6.36
331000,0.20172591507434845,0.010709825903177261,0.17960414290428162,0.1141195073723793,0.004949278065136501,4.544911488569916e-06,6.37
331500,0.16077746450901031,0.0028191539458930492,0.14617125689983368,0.11787053197622299,0.005014883620398385,4.494975627231343e-06,6.38
332000,0.15152451395988464,0.00581904174759984,0.1342802196741104,0.11425258219242096,0.00484235691172736,4.445366953040657e-06,6.39
332500,0.18925988674163818,0.007510350551456213,0.17083604633808136,0.1091349720954895,0.004855319325413022,4.396086238733003e-06,6.4
333000,0.14435318112373352,0.002253324491903186,0.1308421641588211,0.11257695406675339,0.005284326417105538,4.34713425193503e-06,6.41
333500,0.14783400297164917,0.0009499016450718045,0.1352454423904419,0.11638663709163666,0.005139860191515514,4.298511755152909e-06,6.42
334000,0.224200040102005,0.005748193245381117,0.2069401890039444,0.11511654406785965,0.004878249019384384,4.2502195057604945e-06,6.43
334500,0.1746351569890976,0.0019453899003565311,0.16057948768138885,0.12110276520252228,0.004892590854849134,4.202258255987486e-06,6.44
335000,0.15163441002368927,0.009069115854799747,0.13117261230945587,0.11392687261104584,0.004694883844682148,4.154628752907741e-06,6.45
335500,0.1729011982679367,0.006937377154827118,0.15397633612155914,0.1198749765753746,0.004965910421950477,4.107331738427628e-06,6.46
336000,0.1493731439113617,0.002200493821874261,0.1358519345521927,0.11320716142654419,0.0050757782799857,4.060367949274456e-06,6.47
336500,0.13496311008930206,0.001608107122592628,0.12263838201761246,0.10716619342565536,0.005046344761337552,4.0137381169850315e-06,6.48
337000,0.17700065672397614,0.016578778624534607,0.14856073260307312,0.11861138790845871,0.00498130704675402,3.967442967894219e-06,6.48
337500,0.22030913829803467,0.00787085946649313,0.2010950893163681,0.1134319081902504,0.005161605243171964,3.921483223123684e-06,6.49
338000,0.18880173563957214,0.009568438865244389,0.1678956300020218,0.11337670683860779,0.0052488696362291065,3.8758595985706e-06,6.5
338500,0.18660315871238708,0.012744113802909851,0.16204248368740082,0.11816554516553879,0.005025227687188557,3.830572804896541e-06,6.51
339000,0.13801473379135132,0.003561093006283045,0.12301822751760483,0.11435417085886002,0.004970962979963848,3.7856235475163896e-06,6.52
339500,0.17980320751667023,0.00727316178381443,0.1607639193534851,0.11766127496957779,0.0048963762819767,3.7410125265873565e-06,6.53
340000,0.12949083745479584,0.003242669627070427,0.11492181569337845,0.11326346546411514,0.004960592836141586,3.696740436998085e-06,6.54
